species_id,species_name,scientific,lat,lon,date,sst_celsius,salinity_psu,chlorophyll_mg_m3,dissolved_oxygen_mg_l,depth_m,presence,obis_dataset_id,data_source
sardine,Indian Oil Sardine,Sardinella longiceps,13.8789,61.5185,2025-09-12,29.62,35.85,0.734,4.7,33.9,1,dataset-2591,OBIS+NOAA_ERDDAP (Offline Mirror)
sardine,Indian Oil Sardine,Sardinella longiceps,23.8252,69.9118,2025-10-10,29.36,36.31,1.009,4.68,39.0,1,dataset-7838,OBIS+NOAA_ERDDAP (Offline Mirror)
sardine,Indian Oil Sardine,Sardinella longiceps,21.0021,75.9075,2026-03-31,29.02,36.31,1.825,4.960000000000001,35.7,1,dataset-2291,OBIS+NOAA_ERDDAP (Offline Mirror)
sardine,Indian Oil Sardine,Sardinella longiceps,5.8843,84.0512,2026-08-03,28.51,33.42,0.826,4.96,33.6,1,dataset-2830,OBIS+NOAA_ERDDAP (Offline Mirror)
sardine,Indian Oil Sardine,Sardinella longiceps,13.0149,74.8468,2026-08-22,29.220000000000002,35.83,1.2859999999999998,4.38,20.6,1,dataset-3315,OBIS+NOAA_ERDDAP (Offline Mirror)
sardine,Indian Oil Sardine,Sardinella longiceps,20.6849,92.3663,2025-11-28,29.16,32.480000000000004,0.856,4.41,28.0,1,dataset-8810,OBIS+NOAA_ERDDAP (Offline Mirror)
sardine,Indian Oil Sardine,Sardinella longiceps,10.5255,66.4916,2025-07-21,29.18,35.8,1.4949999999999999,4.8999999999999995,15.8,1,dataset-7550,OBIS+NOAA_ERDDAP (Offline Mirror)
sardine,Indian Oil Sardine,Sardinella longiceps,23.2473,90.954,2025-08-11,28.71,32.03,1.0430000000000001,4.63,28.2,1,dataset-2246,OBIS+NOAA_ERDDAP (Offline Mirror)
sardine,Indian Oil Sardine,Sardinella longiceps,23.1031,80.7186,2024-05-15,28.98,32.059999999999995,1.0170000000000001,5.01,25.0,1,dataset-9009,OBIS+NOAA_ERDDAP (Offline Mirror)
sardine,Indian Oil Sardine,Sardinella longiceps,10.432,91.132,2026-07-16,29.41,32.99,0.741,4.569999999999999,19.2,1,dataset-3379,OBIS+NOAA_ERDDAP (Offline Mirror)
sardine,Indian Oil Sardine,Sardinella longiceps,10.8188,69.4238,2026-03-19,28.63,35.910000000000004,1.3659999999999999,4.91,35.3,1,dataset-4091,OBIS+NOAA_ERDDAP (Offline Mirror)
sardine,Indian Oil Sardine,Sardinella longiceps,13.8237,67.996,2026-04-23,29.09,35.94,1.174,4.5,24.1,1,dataset-8591,OBIS+NOAA_ERDDAP (Offline Mirror)
sardine,Indian Oil Sardine,Sardinella longiceps,18.8064,91.8984,2024-07-25,28.68,32.45,0.949,4.949999999999999,22.1,1,dataset-7102,OBIS+NOAA_ERDDAP (Offline Mirror)
sardine,Indian Oil Sardine,Sardinella longiceps,22.6999,65.3081,2024-08-26,29.47,36.21,0.9820000000000001,4.69,37.4,1,dataset-9045,OBIS+NOAA_ERDDAP (Offline Mirror)
sardine,Indian Oil Sardine,Sardinella longiceps,7.7293,61.5905,2025-12-31,28.97,35.730000000000004,0.571,4.48,26.0,1,dataset-1570,OBIS+NOAA_ERDDAP (Offline Mirror)
sardine,Indian Oil Sardine,Sardinella longiceps,14.0487,90.8652,2024-12-13,29.52,32.870000000000005,0.5900000000000001,4.7299999999999995,9.7,1,dataset-9731,OBIS+NOAA_ERDDAP (Offline Mirror)
sardine,Indian Oil Sardine,Sardinella longiceps,20.5218,79.7793,2025-06-08,28.96,36.18,0.906,4.49,27.3,1,dataset-3795,OBIS+NOAA_ERDDAP (Offline Mirror)
sardine,Indian Oil Sardine,Sardinella longiceps,22.6964,69.6886,2025-06-16,29.229999999999997,36.3,0.937,4.65,11.1,1,dataset-5134,OBIS+NOAA_ERDDAP (Offline Mirror)
sardine,Indian Oil Sardine,Sardinella longiceps,11.2984,94.8714,2025-05-15,29.6,32.92,0.562,4.75,36.3,1,dataset-8975,OBIS+NOAA_ERDDAP (Offline Mirror)
sardine,Indian Oil Sardine,Sardinella longiceps,21.8191,90.2941,2025-12-14,28.619999999999997,32.06,1.036,4.87,24.3,1,dataset-7922,OBIS+NOAA_ERDDAP (Offline Mirror)
sardine,Indian Oil Sardine,Sardinella longiceps,13.3124,91.4905,2025-08-23,29.16,32.839999999999996,0.659,4.8100000000000005,31.0,1,dataset-1160,OBIS+NOAA_ERDDAP (Offline Mirror)
sardine,Indian Oil Sardine,Sardinella longiceps,9.8966,83.0409,2025-01-09,28.47,33.12,0.641,4.68,7.3,1,dataset-2261,OBIS+NOAA_ERDDAP (Offline Mirror)
sardine,Indian Oil Sardine,Sardinella longiceps,6.329,67.2962,2025-09-21,28.83,35.540000000000006,0.531,5.03,31.3,1,dataset-5120,OBIS+NOAA_ERDDAP (Offline Mirror)
sardine,Indian Oil Sardine,Sardinella longiceps,15.2919,70.9198,2025-05-13,29.16,36.11,1.259,4.670000000000001,32.2,1,dataset-4626,OBIS+NOAA_ERDDAP (Offline Mirror)
sardine,Indian Oil Sardine,Sardinella longiceps,11.0011,90.1497,2025-12-24,28.7,33.16,0.648,5.01,31.8,1,dataset-2199,OBIS+NOAA_ERDDAP (Offline Mirror)
sardine,Indian Oil Sardine,Sardinella longiceps,16.3301,89.9756,2025-04-19,28.509999999999998,32.87,0.837,5.1000000000000005,22.9,1,dataset-4243,OBIS+NOAA_ERDDAP (Offline Mirror)
sardine,Indian Oil Sardine,Sardinella longiceps,20.9954,79.8257,2025-01-21,29.3,36.29,0.851,4.449999999999999,19.4,1,dataset-2127,OBIS+NOAA_ERDDAP (Offline Mirror)
sardine,Indian Oil Sardine,Sardinella longiceps,17.8323,63.8453,2024-04-07,29.14,36.220000000000006,0.878,4.960000000000001,33.7,1,dataset-4153,OBIS+NOAA_ERDDAP (Offline Mirror)
sardine,Indian Oil Sardine,Sardinella longiceps,9.5328,61.7808,2026-07-04,28.92,35.61,0.631,4.81,6.0,1,dataset-2414,OBIS+NOAA_ERDDAP (Offline Mirror)
sardine,Indian Oil Sardine,Sardinella longiceps,12.9752,79.1867,2025-09-17,29.64,35.690000000000005,0.625,4.22,24.8,1,dataset-5459,OBIS+NOAA_ERDDAP (Offline Mirror)
sardine,Indian Oil Sardine,Sardinella longiceps,7.6526,61.4707,2025-07-21,28.740000000000002,35.69,0.488,5.11,14.7,1,dataset-8294,OBIS+NOAA_ERDDAP (Offline Mirror)
sardine,Indian Oil Sardine,Sardinella longiceps,17.6593,88.0461,2024-05-04,29.18,32.7,0.893,4.6499999999999995,17.5,1,dataset-5006,OBIS+NOAA_ERDDAP (Offline Mirror)
sardine,Indian Oil Sardine,Sardinella longiceps,20.995,87.342,2024-04-23,28.84,32.29,1.011,4.63,32.7,1,dataset-4321,OBIS+NOAA_ERDDAP (Offline Mirror)
sardine,Indian Oil Sardine,Sardinella longiceps,18.5205,90.7349,2024-05-01,28.49,32.38,0.823,4.8500000000000005,15.9,1,dataset-2697,OBIS+NOAA_ERDDAP (Offline Mirror)
sardine,Indian Oil Sardine,Sardinella longiceps,6.7077,94.5123,2024-11-27,28.73,33.49,0.7180000000000001,4.9,36.4,1,dataset-2524,OBIS+NOAA_ERDDAP (Offline Mirror)
sardine,Indian Oil Sardine,Sardinella longiceps,23.6328,65.3591,2024-05-27,29.02,36.440000000000005,1.029,4.6000000000000005,36.6,1,dataset-6724,OBIS+NOAA_ERDDAP (Offline Mirror)
sardine,Indian Oil Sardine,Sardinella longiceps,7.3041,67.2545,2024-03-06,28.51,35.45,0.44899999999999995,4.91,17.8,1,dataset-8971,OBIS+NOAA_ERDDAP (Offline Mirror)
sardine,Indian Oil Sardine,Sardinella longiceps,23.6863,67.5999,2024-04-19,28.669999999999998,36.49,1.011,4.869999999999999,31.1,1,dataset-1498,OBIS+NOAA_ERDDAP (Offline Mirror)
sardine,Indian Oil Sardine,Sardinella longiceps,21.9725,85.2143,2025-10-30,28.92,32.28,1.085,5.029999999999999,30.6,1,dataset-4250,OBIS+NOAA_ERDDAP (Offline Mirror)
sardine,Indian Oil Sardine,Sardinella longiceps,24.1957,64.6028,2024-05-08,29.31,36.279999999999994,0.9159999999999999,4.62,6.0,1,dataset-9207,OBIS+NOAA_ERDDAP (Offline Mirror)
sardine,Indian Oil Sardine,Sardinella longiceps,5.9324,67.7991,2024-03-28,28.61,35.64,0.498,4.86,29.7,1,dataset-8864,OBIS+NOAA_ERDDAP (Offline Mirror)
sardine,Indian Oil Sardine,Sardinella longiceps,7.4346,92.811,2026-08-06,28.09,33.44,0.868,5.05,38.1,1,dataset-9207,OBIS+NOAA_ERDDAP (Offline Mirror)
sardine,Indian Oil Sardine,Sardinella longiceps,23.8325,93.8884,2026-04-13,28.740000000000002,32.120000000000005,1.151,4.83,11.5,1,dataset-7060,OBIS+NOAA_ERDDAP (Offline Mirror)
sardine,Indian Oil Sardine,Sardinella longiceps,12.0827,91.3649,2024-02-24,29.29,33.2,0.661,4.93,25.0,1,dataset-5647,OBIS+NOAA_ERDDAP (Offline Mirror)
sardine,Indian Oil Sardine,Sardinella longiceps,23.0588,88.3111,2024-01-13,29.130000000000003,32.12,1.092,4.78,29.9,1,dataset-7524,OBIS+NOAA_ERDDAP (Offline Mirror)
sardine,Indian Oil Sardine,Sardinella longiceps,5.2375,81.9094,2026-03-23,28.7,33.629999999999995,0.951,4.91,19.1,1,dataset-6152,OBIS+NOAA_ERDDAP (Offline Mirror)
sardine,Indian Oil Sardine,Sardinella longiceps,9.3966,65.1127,2025-01-26,29.119999999999997,35.61,0.44500000000000006,4.72,7.6,1,dataset-7122,OBIS+NOAA_ERDDAP (Offline Mirror)
sardine,Indian Oil Sardine,Sardinella longiceps,10.8853,66.9443,2024-02-06,28.7,35.730000000000004,1.362,4.63,16.2,1,dataset-5981,OBIS+NOAA_ERDDAP (Offline Mirror)
sardine,Indian Oil Sardine,Sardinella longiceps,11.3432,75.3998,2023-11-30,29.11,35.74,1.314,4.8500000000000005,30.8,1,dataset-2916,OBIS+NOAA_ERDDAP (Offline Mirror)
sardine,Indian Oil Sardine,Sardinella longiceps,20.798,79.7399,2025-11-20,29.24,36.32,0.865,4.57,13.8,1,dataset-5265,OBIS+NOAA_ERDDAP (Offline Mirror)
sardine,Indian Oil Sardine,Sardinella longiceps,19.9615,78.9259,2024-03-08,29.009999999999998,36.03,0.856,4.94,28.5,1,dataset-8746,OBIS+NOAA_ERDDAP (Offline Mirror)
sardine,Indian Oil Sardine,Sardinella longiceps,12.0956,85.8774,2026-03-09,29.11,32.94,0.588,4.640000000000001,5.9,1,dataset-3673,OBIS+NOAA_ERDDAP (Offline Mirror)
sardine,Indian Oil Sardine,Sardinella longiceps,12.2064,92.867,2023-12-28,29.029999999999998,32.830000000000005,0.563,4.57,7.8,1,dataset-5831,OBIS+NOAA_ERDDAP (Offline Mirror)
sardine,Indian Oil Sardine,Sardinella longiceps,16.3888,81.8813,2025-12-03,28.56,32.54,0.8140000000000001,4.72,19.2,1,dataset-7529,OBIS+NOAA_ERDDAP (Offline Mirror)
sardine,Indian Oil Sardine,Sardinella longiceps,10.3109,81.652,2025-07-24,28.799999999999997,33.03,0.673,5.05,34.0,1,dataset-8849,OBIS+NOAA_ERDDAP (Offline Mirror)
sardine,Indian Oil Sardine,Sardinella longiceps,8.6809,71.4109,2025-12-07,29.150000000000002,35.75,0.457,4.66,20.1,1,dataset-7601,OBIS+NOAA_ERDDAP (Offline Mirror)
sardine,Indian Oil Sardine,Sardinella longiceps,20.4891,76.1957,2024-06-14,28.82,36.23,1.6620000000000001,5.05,12.9,1,dataset-3112,OBIS+NOAA_ERDDAP (Offline Mirror)
sardine,Indian Oil Sardine,Sardinella longiceps,10.4327,86.9327,2025-01-22,29.19,32.97,0.5860000000000001,4.46,22.1,1,dataset-6502,OBIS+NOAA_ERDDAP (Offline Mirror)
sardine,Indian Oil Sardine,Sardinella longiceps,7.8873,75.1253,2024-06-23,28.69,35.56,0.507,5.1,17.4,1,dataset-3484,OBIS+NOAA_ERDDAP (Offline Mirror)
sardine,Indian Oil Sardine,Sardinella longiceps,9.1351,84.3297,2025-09-10,28.630000000000003,33.28,0.6859999999999999,4.82,30.5,1,dataset-8231,OBIS+NOAA_ERDDAP (Offline Mirror)
sardine,Indian Oil Sardine,Sardinella longiceps,23.9574,87.1522,2024-02-28,29.009999999999998,32.03,1.123,4.890000000000001,34.4,1,dataset-1083,OBIS+NOAA_ERDDAP (Offline Mirror)
sardine,Indian Oil Sardine,Sardinella longiceps,18.6877,93.4727,2024-08-19,28.939999999999998,32.63,0.881,4.9799999999999995,33.5,1,dataset-4987,OBIS+NOAA_ERDDAP (Offline Mirror)
sardine,Indian Oil Sardine,Sardinella longiceps,5.6105,73.0895,2024-10-01,28.599999999999998,35.44,0.485,4.6499999999999995,37.8,1,dataset-5423,OBIS+NOAA_ERDDAP (Offline Mirror)
sardine,Indian Oil Sardine,Sardinella longiceps,12.8825,86.2969,2024-11-27,29.55,32.79,0.59,4.78,28.1,1,dataset-4345,OBIS+NOAA_ERDDAP (Offline Mirror)
sardine,Indian Oil Sardine,Sardinella longiceps,19.4795,68.5727,2025-02-03,28.78,36.2,1.626,4.699999999999999,30.8,1,dataset-4792,OBIS+NOAA_ERDDAP (Offline Mirror)
sardine,Indian Oil Sardine,Sardinella longiceps,11.9327,67.4617,2024-05-30,28.900000000000002,35.75,1.265,4.619999999999999,38.4,1,dataset-7124,OBIS+NOAA_ERDDAP (Offline Mirror)
sardine,Indian Oil Sardine,Sardinella longiceps,24.3629,67.5985,2024-08-31,29.130000000000003,36.370000000000005,1.058,4.69,31.3,1,dataset-2325,OBIS+NOAA_ERDDAP (Offline Mirror)
sardine,Indian Oil Sardine,Sardinella longiceps,6.4004,64.1825,2025-12-25,28.6,35.71,0.529,4.88,25.9,1,dataset-7857,OBIS+NOAA_ERDDAP (Offline Mirror)
sardine,Indian Oil Sardine,Sardinella longiceps,24.9825,79.9152,2026-01-05,28.849999999999998,36.290000000000006,0.906,4.52,14.0,1,dataset-1194,OBIS+NOAA_ERDDAP (Offline Mirror)
sardine,Indian Oil Sardine,Sardinella longiceps,23.7615,91.5757,2025-01-22,29.32,32.21,1.082,4.64,24.8,1,dataset-1291,OBIS+NOAA_ERDDAP (Offline Mirror)
sardine,Indian Oil Sardine,Sardinella longiceps,16.7403,79.2314,2024-01-16,28.66,36.15,0.67,4.640000000000001,10.6,1,dataset-2184,OBIS+NOAA_ERDDAP (Offline Mirror)
sardine,Indian Oil Sardine,Sardinella longiceps,20.0399,89.0542,2025-06-21,29.34,32.339999999999996,0.859,4.37,26.4,1,dataset-9748,OBIS+NOAA_ERDDAP (Offline Mirror)
sardine,Indian Oil Sardine,Sardinella longiceps,14.6987,70.8051,2023-12-17,29.770000000000003,35.91,1.21,4.460000000000001,16.0,1,dataset-8297,OBIS+NOAA_ERDDAP (Offline Mirror)
sardine,Indian Oil Sardine,Sardinella longiceps,24.0709,69.255,2024-09-17,29.49,36.28,1.065,4.71,6.1,1,dataset-3063,OBIS+NOAA_ERDDAP (Offline Mirror)
sardine,Indian Oil Sardine,Sardinella longiceps,17.8909,67.479,2023-12-21,28.73,36.290000000000006,1.501,4.55,26.5,1,dataset-5794,OBIS+NOAA_ERDDAP (Offline Mirror)
sardine,Indian Oil Sardine,Sardinella longiceps,11.5606,66.1768,2025-09-15,28.74,35.67,1.365,4.7,20.7,1,dataset-5322,OBIS+NOAA_ERDDAP (Offline Mirror)
sardine,Indian Oil Sardine,Sardinella longiceps,17.1079,83.4399,2025-10-16,28.68,32.6,0.7250000000000001,4.619999999999999,38.6,1,dataset-7028,OBIS+NOAA_ERDDAP (Offline Mirror)
sardine,Indian Oil Sardine,Sardinella longiceps,5.8181,76.9127,2025-11-11,28.099999999999998,35.4,0.33599999999999997,4.88,16.8,1,dataset-3715,OBIS+NOAA_ERDDAP (Offline Mirror)
sardine,Indian Oil Sardine,Sardinella longiceps,17.0099,88.3248,2023-12-03,28.39,32.49,0.8130000000000001,5.220000000000001,32.2,1,dataset-2326,OBIS+NOAA_ERDDAP (Offline Mirror)
sardine,Indian Oil Sardine,Sardinella longiceps,22.1614,83.476,2024-09-29,29.0,32.269999999999996,1.0010000000000001,4.63,8.0,1,dataset-5471,OBIS+NOAA_ERDDAP (Offline Mirror)
sardine,Indian Oil Sardine,Sardinella longiceps,15.271,64.4519,2025-05-08,28.42,36.050000000000004,0.763,4.96,8.2,1,dataset-4035,OBIS+NOAA_ERDDAP (Offline Mirror)
sardine,Indian Oil Sardine,Sardinella longiceps,15.4237,89.1452,2024-01-25,28.549999999999997,32.84,0.647,4.68,33.1,1,dataset-7838,OBIS+NOAA_ERDDAP (Offline Mirror)
sardine,Indian Oil Sardine,Sardinella longiceps,23.818,62.2127,2026-01-14,28.67,36.47,0.9269999999999999,4.88,21.9,1,dataset-2399,OBIS+NOAA_ERDDAP (Offline Mirror)
sardine,Indian Oil Sardine,Sardinella longiceps,10.054,82.324,2024-04-14,28.8,33.370000000000005,0.5830000000000001,4.81,21.9,1,dataset-3060,OBIS+NOAA_ERDDAP (Offline Mirror)
sardine,Indian Oil Sardine,Sardinella longiceps,23.5417,87.2531,2026-04-29,29.099999999999998,32.21,1.129,4.84,15.9,1,dataset-4228,OBIS+NOAA_ERDDAP (Offline Mirror)
sardine,Indian Oil Sardine,Sardinella longiceps,21.6784,89.0017,2026-06-07,28.68,32.150000000000006,1.055,4.83,17.7,1,dataset-3756,OBIS+NOAA_ERDDAP (Offline Mirror)
sardine,Indian Oil Sardine,Sardinella longiceps,13.2289,73.1371,2024-06-07,28.88,35.75,1.305,5.0600000000000005,24.8,1,dataset-7295,OBIS+NOAA_ERDDAP (Offline Mirror)
sardine,Indian Oil Sardine,Sardinella longiceps,23.5242,85.1647,2026-03-21,29.52,32.12,0.977,4.6,27.3,1,dataset-2148,OBIS+NOAA_ERDDAP (Offline Mirror)
sardine,Indian Oil Sardine,Sardinella longiceps,7.5543,82.522,2024-09-09,28.169999999999998,33.339999999999996,0.762,4.72,24.7,1,dataset-4393,OBIS+NOAA_ERDDAP (Offline Mirror)
sardine,Indian Oil Sardine,Sardinella longiceps,16.4383,64.1818,2024-05-05,28.599999999999998,36.160000000000004,0.727,5.02,32.3,1,dataset-7138,OBIS+NOAA_ERDDAP (Offline Mirror)
sardine,Indian Oil Sardine,Sardinella longiceps,19.6028,93.6716,2025-12-13,28.61,32.36,0.922,4.69,17.9,1,dataset-8486,OBIS+NOAA_ERDDAP (Offline Mirror)
sardine,Indian Oil Sardine,Sardinella longiceps,8.6583,85.1169,2023-12-04,29.03,33.43,0.637,4.53,33.7,1,dataset-3188,OBIS+NOAA_ERDDAP (Offline Mirror)
sardine,Indian Oil Sardine,Sardinella longiceps,16.8942,91.5335,2024-01-17,28.82,32.6,0.871,4.54,22.3,1,dataset-6131,OBIS+NOAA_ERDDAP (Offline Mirror)
sardine,Indian Oil Sardine,Sardinella longiceps,17.7228,75.6063,2025-06-19,28.35,36.28,1.502,5.09,22.0,1,dataset-1039,OBIS+NOAA_ERDDAP (Offline Mirror)
sardine,Indian Oil Sardine,Sardinella longiceps,20.8499,92.4396,2025-12-19,29.069999999999997,32.32,0.978,4.6899999999999995,16.9,1,dataset-2489,OBIS+NOAA_ERDDAP (Offline Mirror)
sardine,Indian Oil Sardine,Sardinella longiceps,16.0999,67.275,2025-01-17,28.27,35.97,1.316,4.92,28.6,1,dataset-5062,OBIS+NOAA_ERDDAP (Offline Mirror)
sardine,Indian Oil Sardine,Sardinella longiceps,22.3368,69.8978,2024-09-18,28.87,36.2,1.0150000000000001,4.75,9.6,1,dataset-2972,OBIS+NOAA_ERDDAP (Offline Mirror)
sardine,Indian Oil Sardine,Sardinella longiceps,21.8365,72.9864,2025-11-02,29.22,36.36,1.908,4.66,19.9,1,dataset-8682,OBIS+NOAA_ERDDAP (Offline Mirror)
sardine,Indian Oil Sardine,Sardinella longiceps,8.9814,84.5656,2025-06-19,29.09,33.410000000000004,0.768,4.6,35.1,1,dataset-9624,OBIS+NOAA_ERDDAP (Offline Mirror)
sardine,Indian Oil Sardine,Sardinella longiceps,19.8922,82.6411,2025-07-16,28.73,32.41,0.863,5.0600000000000005,21.7,1,dataset-5112,OBIS+NOAA_ERDDAP (Offline Mirror)
sardine,Indian Oil Sardine,Sardinella longiceps,8.5085,82.4545,2025-09-25,28.5,33.2,0.837,4.96,18.5,1,dataset-4673,OBIS+NOAA_ERDDAP (Offline Mirror)
sardine,Indian Oil Sardine,Sardinella longiceps,15.4819,93.5454,2025-02-09,29.169999999999998,32.9,0.749,4.87,10.2,1,dataset-9484,OBIS+NOAA_ERDDAP (Offline Mirror)
sardine,Indian Oil Sardine,Sardinella longiceps,9.064,85.4653,2026-06-06,28.650000000000002,33.080000000000005,0.8019999999999999,4.94,6.8,1,dataset-6182,OBIS+NOAA_ERDDAP (Offline Mirror)
sardine,Indian Oil Sardine,Sardinella longiceps,21.705,81.4037,2025-07-06,28.63,32.44,1.041,4.94,9.5,1,dataset-3899,OBIS+NOAA_ERDDAP (Offline Mirror)
sardine,Indian Oil Sardine,Sardinella longiceps,8.4427,76.3953,2025-11-25,28.55,35.47,0.593,4.8,32.8,1,dataset-7610,OBIS+NOAA_ERDDAP (Offline Mirror)
sardine,Indian Oil Sardine,Sardinella longiceps,6.2509,76.3609,2025-01-09,28.71,35.4,0.454,5.08,20.1,1,dataset-9314,OBIS+NOAA_ERDDAP (Offline Mirror)
sardine,Indian Oil Sardine,Sardinella longiceps,9.8312,81.7716,2026-03-19,28.740000000000002,33.22,0.763,4.58,16.3,1,dataset-4408,OBIS+NOAA_ERDDAP (Offline Mirror)
sardine,Indian Oil Sardine,Sardinella longiceps,16.4752,75.6397,2024-01-21,28.419999999999998,36.0,1.388,4.8100000000000005,17.5,1,dataset-3052,OBIS+NOAA_ERDDAP (Offline Mirror)
sardine,Indian Oil Sardine,Sardinella longiceps,16.6929,87.3161,2026-08-04,28.76,32.519999999999996,0.777,4.65,16.5,1,dataset-2359,OBIS+NOAA_ERDDAP (Offline Mirror)
sardine,Indian Oil Sardine,Sardinella longiceps,21.0996,83.4236,2024-02-16,28.87,32.120000000000005,1.025,4.94,32.3,1,dataset-8053,OBIS+NOAA_ERDDAP (Offline Mirror)
sardine,Indian Oil Sardine,Sardinella longiceps,20.4838,75.2777,2024-11-21,29.4,36.21,1.6560000000000001,4.7299999999999995,24.5,1,dataset-9165,OBIS+NOAA_ERDDAP (Offline Mirror)
sardine,Indian Oil Sardine,Sardinella longiceps,15.868,76.1991,2026-02-18,28.66,35.85,1.296,4.69,18.9,1,dataset-2294,OBIS+NOAA_ERDDAP (Offline Mirror)
sardine,Indian Oil Sardine,Sardinella longiceps,12.5461,81.6187,2024-03-13,29.68,32.94,0.602,4.21,13.2,1,dataset-7381,OBIS+NOAA_ERDDAP (Offline Mirror)
sardine,Indian Oil Sardine,Sardinella longiceps,18.5332,93.6985,2024-08-25,29.369999999999997,32.57,0.7929999999999999,4.720000000000001,21.8,1,dataset-2510,OBIS+NOAA_ERDDAP (Offline Mirror)
sardine,Indian Oil Sardine,Sardinella longiceps,21.1257,89.828,2025-04-20,28.650000000000002,32.480000000000004,0.895,4.75,30.6,1,dataset-1329,OBIS+NOAA_ERDDAP (Offline Mirror)
sardine,Indian Oil Sardine,Sardinella longiceps,13.4584,62.5035,2025-03-11,29.15,35.69,0.611,4.46,10.5,1,dataset-3243,OBIS+NOAA_ERDDAP (Offline Mirror)
sardine,Indian Oil Sardine,Sardinella longiceps,9.0524,71.5743,2025-12-24,28.39,35.71,0.547,4.65,18.5,1,dataset-2430,OBIS+NOAA_ERDDAP (Offline Mirror)
sardine,Indian Oil Sardine,Sardinella longiceps,12.6631,86.2696,2026-06-11,29.66,32.95,0.6970000000000001,4.659999999999999,17.4,1,dataset-9594,OBIS+NOAA_ERDDAP (Offline Mirror)
sardine,Indian Oil Sardine,Sardinella longiceps,12.152,91.8118,2026-01-12,29.07,33.2,0.604,4.529999999999999,25.8,1,dataset-9221,OBIS+NOAA_ERDDAP (Offline Mirror)
sardine,Indian Oil Sardine,Sardinella longiceps,13.8551,64.3721,2024-12-23,28.93,35.75,0.672,4.92,21.1,1,dataset-5540,OBIS+NOAA_ERDDAP (Offline Mirror)
sardine,Indian Oil Sardine,Sardinella longiceps,12.2383,75.6511,2026-06-26,29.22,35.800000000000004,1.314,4.79,15.3,1,dataset-2463,OBIS+NOAA_ERDDAP (Offline Mirror)
sardine,Indian Oil Sardine,Sardinella longiceps,13.9253,92.5251,2024-01-20,29.76,32.76,0.609,4.460000000000001,28.5,1,dataset-2958,OBIS+NOAA_ERDDAP (Offline Mirror)
sardine,Indian Oil Sardine,Sardinella longiceps,23.4685,65.5615,2026-04-11,29.240000000000002,36.23,1.003,4.8100000000000005,7.3,1,dataset-3523,OBIS+NOAA_ERDDAP (Offline Mirror)
sardine,Indian Oil Sardine,Sardinella longiceps,20.3414,81.0163,2024-04-30,29.34,32.339999999999996,0.9820000000000001,4.83,20.2,1,dataset-1672,OBIS+NOAA_ERDDAP (Offline Mirror)
sardine,Indian Oil Sardine,Sardinella longiceps,20.3012,68.8732,2024-05-18,29.08,36.37,1.671,4.41,20.1,1,dataset-3520,OBIS+NOAA_ERDDAP (Offline Mirror)
sardine,Indian Oil Sardine,Sardinella longiceps,20.8405,90.5274,2024-05-10,29.15,32.21,0.893,4.62,37.6,1,dataset-7519,OBIS+NOAA_ERDDAP (Offline Mirror)
sardine,Indian Oil Sardine,Sardinella longiceps,9.832,61.8267,2025-04-21,28.62,35.809999999999995,0.47300000000000003,5.1000000000000005,8.7,1,dataset-4402,OBIS+NOAA_ERDDAP (Offline Mirror)
sardine,Indian Oil Sardine,Sardinella longiceps,5.4952,84.3729,2026-08-04,28.03,33.370000000000005,0.828,4.930000000000001,39.2,1,dataset-1217,OBIS+NOAA_ERDDAP (Offline Mirror)
sardine,Indian Oil Sardine,Sardinella longiceps,18.7917,73.2204,2024-04-01,29.25,36.28,1.597,4.71,39.4,1,dataset-9896,OBIS+NOAA_ERDDAP (Offline Mirror)
sardine,Indian Oil Sardine,Sardinella longiceps,22.5506,85.6827,2025-09-02,29.389999999999997,32.2,1.066,4.74,9.0,1,dataset-1130,OBIS+NOAA_ERDDAP (Offline Mirror)
sardine,Indian Oil Sardine,Sardinella longiceps,10.4594,67.4901,2024-04-24,28.88,35.589999999999996,1.5650000000000002,4.87,10.5,1,dataset-9931,OBIS+NOAA_ERDDAP (Offline Mirror)
sardine,Indian Oil Sardine,Sardinella longiceps,8.0372,77.4571,2026-04-27,28.12,35.57,0.534,5.3100000000000005,16.5,1,dataset-8285,OBIS+NOAA_ERDDAP (Offline Mirror)
sardine,Indian Oil Sardine,Sardinella longiceps,17.817,78.4901,2024-09-26,28.89,35.970000000000006,0.883,4.86,9.7,1,dataset-2772,OBIS+NOAA_ERDDAP (Offline Mirror)
sardine,Indian Oil Sardine,Sardinella longiceps,17.4522,77.335,2024-06-20,29.1,36.12,1.467,4.64,29.5,1,dataset-4565,OBIS+NOAA_ERDDAP (Offline Mirror)
sardine,Indian Oil Sardine,Sardinella longiceps,22.618,78.8286,2025-08-06,29.099999999999998,36.53,0.891,4.43,6.1,1,dataset-6041,OBIS+NOAA_ERDDAP (Offline Mirror)
sardine,Indian Oil Sardine,Sardinella longiceps,7.4367,81.6729,2024-04-19,29.029999999999998,33.309999999999995,0.8370000000000001,5.0,18.9,1,dataset-7754,OBIS+NOAA_ERDDAP (Offline Mirror)
sardine,Indian Oil Sardine,Sardinella longiceps,5.3163,77.5969,2024-04-27,28.79,35.31,0.473,4.539999999999999,29.2,1,dataset-3164,OBIS+NOAA_ERDDAP (Offline Mirror)
sardine,Indian Oil Sardine,Sardinella longiceps,15.5607,69.7786,2026-07-21,28.81,35.849999999999994,1.3,4.6899999999999995,39.8,1,dataset-3576,OBIS+NOAA_ERDDAP (Offline Mirror)
sardine,Indian Oil Sardine,Sardinella longiceps,24.0335,70.9444,2025-09-18,29.599999999999998,36.589999999999996,0.9329999999999999,4.71,10.7,1,dataset-1451,OBIS+NOAA_ERDDAP (Offline Mirror)
sardine,Indian Oil Sardine,Sardinella longiceps,19.0135,78.5632,2024-05-31,28.63,36.22,0.8969999999999999,5.15,29.4,1,dataset-7520,OBIS+NOAA_ERDDAP (Offline Mirror)
sardine,Indian Oil Sardine,Sardinella longiceps,24.7347,73.4429,2026-04-29,29.150000000000002,36.61,0.976,4.82,25.8,1,dataset-4972,OBIS+NOAA_ERDDAP (Offline Mirror)
sardine,Indian Oil Sardine,Sardinella longiceps,12.6283,76.8911,2024-10-29,29.55,35.68,1.367,4.8,7.6,1,dataset-7099,OBIS+NOAA_ERDDAP (Offline Mirror)
sardine,Indian Oil Sardine,Sardinella longiceps,18.5021,89.2496,2024-02-28,29.3,32.400000000000006,0.822,4.83,38.3,1,dataset-4609,OBIS+NOAA_ERDDAP (Offline Mirror)
sardine,Indian Oil Sardine,Sardinella longiceps,9.6734,64.1829,2026-03-03,28.81,35.86,0.5,4.9799999999999995,38.9,1,dataset-8591,OBIS+NOAA_ERDDAP (Offline Mirror)
sardine,Indian Oil Sardine,Sardinella longiceps,17.3051,83.7551,2024-08-14,29.240000000000002,32.57,0.7240000000000001,4.37,26.4,1,dataset-6585,OBIS+NOAA_ERDDAP (Offline Mirror)
sardine,Indian Oil Sardine,Sardinella longiceps,14.333,90.2437,2024-06-11,29.2,32.7,0.607,4.7,29.8,1,dataset-7802,OBIS+NOAA_ERDDAP (Offline Mirror)
sardine,Indian Oil Sardine,Sardinella longiceps,18.5815,60.0683,2023-12-27,29.04,36.21,0.8380000000000001,4.630000000000001,37.9,1,dataset-6663,OBIS+NOAA_ERDDAP (Offline Mirror)
sardine,Indian Oil Sardine,Sardinella longiceps,6.5387,88.7286,2023-12-28,28.87,33.48,0.73,4.79,23.0,1,dataset-9667,OBIS+NOAA_ERDDAP (Offline Mirror)
sardine,Indian Oil Sardine,Sardinella longiceps,23.3643,64.6048,2025-08-27,28.85,36.379999999999995,0.992,4.69,8.3,1,dataset-6112,OBIS+NOAA_ERDDAP (Offline Mirror)
sardine,Indian Oil Sardine,Sardinella longiceps,5.3303,71.1884,2024-04-04,28.65,35.57,0.30999999999999994,5.12,36.3,1,dataset-1976,OBIS+NOAA_ERDDAP (Offline Mirror)
mackerel,Indian Mackerel,Rastrelliger kanagurta,23.4035,65.7331,2026-04-30,29.330000000000002,36.21,0.956,4.46,25.2,1,dataset-7841,OBIS+NOAA_ERDDAP (Offline Mirror)
mackerel,Indian Mackerel,Rastrelliger kanagurta,5.267,85.305,2026-07-10,28.529999999999998,33.73,0.929,5.0600000000000005,58.4,1,dataset-6063,OBIS+NOAA_ERDDAP (Offline Mirror)
mackerel,Indian Mackerel,Rastrelliger kanagurta,8.3539,87.7159,2025-12-22,28.47,33.14,0.838,4.9799999999999995,41.6,1,dataset-7872,OBIS+NOAA_ERDDAP (Offline Mirror)
mackerel,Indian Mackerel,Rastrelliger kanagurta,5.5181,65.9091,2025-11-23,27.990000000000002,35.41,0.367,5.32,43.1,1,dataset-2395,OBIS+NOAA_ERDDAP (Offline Mirror)
mackerel,Indian Mackerel,Rastrelliger kanagurta,7.5035,71.463,2026-04-19,28.14,35.62,0.46599999999999997,5.300000000000001,54.2,1,dataset-7738,OBIS+NOAA_ERDDAP (Offline Mirror)
mackerel,Indian Mackerel,Rastrelliger kanagurta,23.0804,85.3732,2024-04-11,29.520000000000003,32.0,1.023,4.609999999999999,30.7,1,dataset-8082,OBIS+NOAA_ERDDAP (Offline Mirror)
mackerel,Indian Mackerel,Rastrelliger kanagurta,18.0272,66.6191,2025-03-26,28.68,35.980000000000004,1.52,4.83,49.8,1,dataset-6049,OBIS+NOAA_ERDDAP (Offline Mirror)
mackerel,Indian Mackerel,Rastrelliger kanagurta,17.6503,76.2976,2025-02-04,29.18,36.01,1.424,4.58,44.2,1,dataset-2638,OBIS+NOAA_ERDDAP (Offline Mirror)
mackerel,Indian Mackerel,Rastrelliger kanagurta,18.8196,81.5645,2025-06-14,29.26,32.660000000000004,0.906,4.49,28.0,1,dataset-2596,OBIS+NOAA_ERDDAP (Offline Mirror)
mackerel,Indian Mackerel,Rastrelliger kanagurta,23.8729,94.5747,2024-07-03,29.34,32.27,1.14,4.88,69.2,1,dataset-7578,OBIS+NOAA_ERDDAP (Offline Mirror)
mackerel,Indian Mackerel,Rastrelliger kanagurta,12.4441,92.45,2025-12-25,28.779999999999998,32.85,0.545,5.0,55.7,1,dataset-2521,OBIS+NOAA_ERDDAP (Offline Mirror)
mackerel,Indian Mackerel,Rastrelliger kanagurta,23.5395,69.5724,2025-09-02,29.07,36.510000000000005,0.976,4.449999999999999,32.4,1,dataset-7607,OBIS+NOAA_ERDDAP (Offline Mirror)
mackerel,Indian Mackerel,Rastrelliger kanagurta,24.1939,93.9265,2025-03-30,29.55,31.92,1.06,4.38,15.3,1,dataset-7819,OBIS+NOAA_ERDDAP (Offline Mirror)
mackerel,Indian Mackerel,Rastrelliger kanagurta,6.3361,69.9974,2025-06-05,28.669999999999998,35.35,0.36,4.68,41.4,1,dataset-9700,OBIS+NOAA_ERDDAP (Offline Mirror)
mackerel,Indian Mackerel,Rastrelliger kanagurta,11.6499,86.3217,2024-08-22,28.880000000000003,33.26,0.617,4.55,15.0,1,dataset-5982,OBIS+NOAA_ERDDAP (Offline Mirror)
mackerel,Indian Mackerel,Rastrelliger kanagurta,5.596,93.5075,2026-01-16,27.86,33.519999999999996,0.785,5.1,36.1,1,dataset-4881,OBIS+NOAA_ERDDAP (Offline Mirror)
mackerel,Indian Mackerel,Rastrelliger kanagurta,16.1822,68.8851,2024-10-30,28.76,35.9,1.443,4.930000000000001,45.5,1,dataset-2418,OBIS+NOAA_ERDDAP (Offline Mirror)
mackerel,Indian Mackerel,Rastrelliger kanagurta,21.2301,78.1658,2025-04-20,28.89,36.269999999999996,0.9450000000000001,4.94,69.1,1,dataset-1277,OBIS+NOAA_ERDDAP (Offline Mirror)
mackerel,Indian Mackerel,Rastrelliger kanagurta,22.6461,80.5568,2025-03-11,29.439999999999998,32.08,0.9570000000000001,4.34,60.5,1,dataset-6618,OBIS+NOAA_ERDDAP (Offline Mirror)
mackerel,Indian Mackerel,Rastrelliger kanagurta,13.1231,77.6006,2025-08-18,29.099999999999998,36.06,1.18,4.67,32.8,1,dataset-3681,OBIS+NOAA_ERDDAP (Offline Mirror)
mackerel,Indian Mackerel,Rastrelliger kanagurta,22.9808,89.1255,2024-04-09,28.610000000000003,32.3,1.008,5.01,60.0,1,dataset-1303,OBIS+NOAA_ERDDAP (Offline Mirror)
mackerel,Indian Mackerel,Rastrelliger kanagurta,13.5032,79.836,2024-02-07,29.4,36.02,0.5650000000000001,4.4799999999999995,55.4,1,dataset-1352,OBIS+NOAA_ERDDAP (Offline Mirror)
mackerel,Indian Mackerel,Rastrelliger kanagurta,7.6934,69.2765,2024-05-23,28.85,35.69,0.40399999999999997,4.57,22.7,1,dataset-1021,OBIS+NOAA_ERDDAP (Offline Mirror)
mackerel,Indian Mackerel,Rastrelliger kanagurta,20.8985,72.9724,2024-08-15,28.86,36.190000000000005,1.727,4.65,64.2,1,dataset-6190,OBIS+NOAA_ERDDAP (Offline Mirror)
mackerel,Indian Mackerel,Rastrelliger kanagurta,5.9067,73.753,2024-03-31,28.11,35.48,0.45999999999999996,4.77,56.2,1,dataset-2118,OBIS+NOAA_ERDDAP (Offline Mirror)
mackerel,Indian Mackerel,Rastrelliger kanagurta,16.0128,84.3608,2026-04-24,28.54,32.66,0.752,5.010000000000001,34.0,1,dataset-9401,OBIS+NOAA_ERDDAP (Offline Mirror)
mackerel,Indian Mackerel,Rastrelliger kanagurta,20.0514,68.8627,2025-06-13,29.33,36.35,1.761,4.54,35.3,1,dataset-4876,OBIS+NOAA_ERDDAP (Offline Mirror)
mackerel,Indian Mackerel,Rastrelliger kanagurta,7.229,70.6912,2024-03-06,28.04,35.67,0.5640000000000001,5.140000000000001,63.9,1,dataset-9707,OBIS+NOAA_ERDDAP (Offline Mirror)
mackerel,Indian Mackerel,Rastrelliger kanagurta,20.0035,66.7444,2024-02-22,28.57,36.160000000000004,1.704,4.59,36.3,1,dataset-2653,OBIS+NOAA_ERDDAP (Offline Mirror)
mackerel,Indian Mackerel,Rastrelliger kanagurta,6.5294,89.5308,2026-08-19,28.68,33.65,0.847,4.8,51.5,1,dataset-4954,OBIS+NOAA_ERDDAP (Offline Mirror)
mackerel,Indian Mackerel,Rastrelliger kanagurta,9.0487,91.9633,2023-12-29,29.12,33.480000000000004,0.814,4.55,38.8,1,dataset-3815,OBIS+NOAA_ERDDAP (Offline Mirror)
mackerel,Indian Mackerel,Rastrelliger kanagurta,24.6922,75.7139,2024-03-07,29.13,36.29,0.949,4.62,34.3,1,dataset-7153,OBIS+NOAA_ERDDAP (Offline Mirror)
mackerel,Indian Mackerel,Rastrelliger kanagurta,13.1036,90.6164,2025-01-16,29.55,32.870000000000005,0.5680000000000001,4.3999999999999995,45.5,1,dataset-7768,OBIS+NOAA_ERDDAP (Offline Mirror)
mackerel,Indian Mackerel,Rastrelliger kanagurta,18.7556,79.9468,2026-01-18,29.13,36.2,0.729,4.8,66.7,1,dataset-5914,OBIS+NOAA_ERDDAP (Offline Mirror)
mackerel,Indian Mackerel,Rastrelliger kanagurta,22.6452,71.6733,2025-05-21,29.299999999999997,36.519999999999996,1.016,4.4799999999999995,37.2,1,dataset-6257,OBIS+NOAA_ERDDAP (Offline Mirror)
mackerel,Indian Mackerel,Rastrelliger kanagurta,23.2041,66.0502,2026-07-03,29.4,36.35,0.953,4.35,50.8,1,dataset-5324,OBIS+NOAA_ERDDAP (Offline Mirror)
mackerel,Indian Mackerel,Rastrelliger kanagurta,15.9405,70.3601,2024-08-11,28.38,36.1,1.449,4.86,38.8,1,dataset-9883,OBIS+NOAA_ERDDAP (Offline Mirror)
mackerel,Indian Mackerel,Rastrelliger kanagurta,6.8289,71.2751,2024-08-01,28.87,35.64,0.40700000000000003,4.74,58.0,1,dataset-5616,OBIS+NOAA_ERDDAP (Offline Mirror)
mackerel,Indian Mackerel,Rastrelliger kanagurta,23.9589,90.9275,2025-06-18,28.709999999999997,32.05,0.9780000000000001,4.9399999999999995,15.9,1,dataset-7486,OBIS+NOAA_ERDDAP (Offline Mirror)
mackerel,Indian Mackerel,Rastrelliger kanagurta,21.6825,71.4403,2024-02-06,28.830000000000002,36.11,1.792,4.8,53.2,1,dataset-4239,OBIS+NOAA_ERDDAP (Offline Mirror)
mackerel,Indian Mackerel,Rastrelliger kanagurta,16.2112,75.0462,2025-02-18,28.67,35.82,1.37,5.109999999999999,52.3,1,dataset-9872,OBIS+NOAA_ERDDAP (Offline Mirror)
mackerel,Indian Mackerel,Rastrelliger kanagurta,6.5113,77.1733,2026-02-14,28.55,35.38,0.534,5.05,59.4,1,dataset-5917,OBIS+NOAA_ERDDAP (Offline Mirror)
mackerel,Indian Mackerel,Rastrelliger kanagurta,18.1021,90.5762,2025-06-10,28.689999999999998,32.72,0.8079999999999999,5.09,29.0,1,dataset-9546,OBIS+NOAA_ERDDAP (Offline Mirror)
mackerel,Indian Mackerel,Rastrelliger kanagurta,20.948,87.1177,2024-05-25,28.66,32.36,1.039,4.88,55.2,1,dataset-5593,OBIS+NOAA_ERDDAP (Offline Mirror)
mackerel,Indian Mackerel,Rastrelliger kanagurta,11.801,63.9667,2024-01-31,28.85,35.97,0.631,4.87,17.8,1,dataset-2358,OBIS+NOAA_ERDDAP (Offline Mirror)
mackerel,Indian Mackerel,Rastrelliger kanagurta,7.3676,66.2189,2026-07-15,28.72,35.7,0.566,4.6499999999999995,33.8,1,dataset-7169,OBIS+NOAA_ERDDAP (Offline Mirror)
mackerel,Indian Mackerel,Rastrelliger kanagurta,13.253,60.3485,2024-06-25,29.150000000000002,35.92,0.618,4.9,55.9,1,dataset-4718,OBIS+NOAA_ERDDAP (Offline Mirror)
mackerel,Indian Mackerel,Rastrelliger kanagurta,21.5063,83.8843,2025-08-26,28.71,32.15,0.943,4.83,16.0,1,dataset-2719,OBIS+NOAA_ERDDAP (Offline Mirror)
mackerel,Indian Mackerel,Rastrelliger kanagurta,22.257,87.4212,2024-08-18,29.33,32.339999999999996,1.078,4.83,27.1,1,dataset-3606,OBIS+NOAA_ERDDAP (Offline Mirror)
mackerel,Indian Mackerel,Rastrelliger kanagurta,22.4779,85.7002,2024-11-04,28.79,32.150000000000006,0.96,4.52,25.2,1,dataset-4022,OBIS+NOAA_ERDDAP (Offline Mirror)
mackerel,Indian Mackerel,Rastrelliger kanagurta,14.7082,74.3721,2025-10-06,29.07,35.8,1.2719999999999998,4.42,50.5,1,dataset-7317,OBIS+NOAA_ERDDAP (Offline Mirror)
mackerel,Indian Mackerel,Rastrelliger kanagurta,24.6439,88.3098,2026-01-18,28.84,31.91,1.199,5.05,24.9,1,dataset-9022,OBIS+NOAA_ERDDAP (Offline Mirror)
mackerel,Indian Mackerel,Rastrelliger kanagurta,18.1418,63.8286,2024-11-22,28.55,36.019999999999996,0.812,4.619999999999999,19.2,1,dataset-1505,OBIS+NOAA_ERDDAP (Offline Mirror)
mackerel,Indian Mackerel,Rastrelliger kanagurta,15.0598,74.4995,2025-09-02,28.8,35.85,1.343,4.8999999999999995,22.5,1,dataset-8364,OBIS+NOAA_ERDDAP (Offline Mirror)
mackerel,Indian Mackerel,Rastrelliger kanagurta,12.419,94.3212,2024-12-14,29.46,32.839999999999996,0.652,4.42,56.0,1,dataset-9938,OBIS+NOAA_ERDDAP (Offline Mirror)
mackerel,Indian Mackerel,Rastrelliger kanagurta,18.1922,94.2554,2026-01-03,28.599999999999998,32.55,0.9369999999999999,4.95,64.4,1,dataset-4660,OBIS+NOAA_ERDDAP (Offline Mirror)
mackerel,Indian Mackerel,Rastrelliger kanagurta,20.2847,89.2104,2026-03-10,29.150000000000002,32.2,0.9450000000000001,4.390000000000001,52.6,1,dataset-2941,OBIS+NOAA_ERDDAP (Offline Mirror)
mackerel,Indian Mackerel,Rastrelliger kanagurta,22.2049,61.6087,2024-06-22,28.95,36.160000000000004,0.891,4.8,24.3,1,dataset-3039,OBIS+NOAA_ERDDAP (Offline Mirror)
mackerel,Indian Mackerel,Rastrelliger kanagurta,24.8785,69.561,2025-11-20,29.3,36.419999999999995,0.906,4.529999999999999,46.3,1,dataset-5284,OBIS+NOAA_ERDDAP (Offline Mirror)
mackerel,Indian Mackerel,Rastrelliger kanagurta,20.6791,70.2383,2025-01-24,29.080000000000002,36.26,1.754,4.58,51.8,1,dataset-4651,OBIS+NOAA_ERDDAP (Offline Mirror)
mackerel,Indian Mackerel,Rastrelliger kanagurta,19.258,77.4146,2024-08-06,29.31,36.349999999999994,1.692,4.49,15.1,1,dataset-5539,OBIS+NOAA_ERDDAP (Offline Mirror)
mackerel,Indian Mackerel,Rastrelliger kanagurta,12.0993,64.4996,2024-12-31,28.92,35.61,0.656,4.97,39.4,1,dataset-3369,OBIS+NOAA_ERDDAP (Offline Mirror)
mackerel,Indian Mackerel,Rastrelliger kanagurta,17.3865,92.2185,2025-04-08,28.55,32.48,0.7869999999999999,4.909999999999999,65.8,1,dataset-5704,OBIS+NOAA_ERDDAP (Offline Mirror)
mackerel,Indian Mackerel,Rastrelliger kanagurta,8.5048,73.9035,2023-12-15,28.36,35.470000000000006,0.536,4.74,55.6,1,dataset-4362,OBIS+NOAA_ERDDAP (Offline Mirror)
mackerel,Indian Mackerel,Rastrelliger kanagurta,16.3526,94.593,2026-07-25,28.7,32.54,0.72,4.95,33.7,1,dataset-8724,OBIS+NOAA_ERDDAP (Offline Mirror)
mackerel,Indian Mackerel,Rastrelliger kanagurta,21.0373,81.3342,2025-05-17,29.28,32.46,0.88,4.6499999999999995,45.8,1,dataset-4330,OBIS+NOAA_ERDDAP (Offline Mirror)
mackerel,Indian Mackerel,Rastrelliger kanagurta,19.6189,85.9847,2023-12-26,29.05,32.61,0.878,4.93,29.1,1,dataset-9998,OBIS+NOAA_ERDDAP (Offline Mirror)
mackerel,Indian Mackerel,Rastrelliger kanagurta,8.1975,81.938,2023-11-29,28.12,33.35,0.678,4.9,67.9,1,dataset-6345,OBIS+NOAA_ERDDAP (Offline Mirror)
mackerel,Indian Mackerel,Rastrelliger kanagurta,18.0234,92.2353,2024-10-18,29.080000000000002,32.660000000000004,0.7869999999999999,4.99,51.6,1,dataset-8114,OBIS+NOAA_ERDDAP (Offline Mirror)
mackerel,Indian Mackerel,Rastrelliger kanagurta,5.0293,84.8966,2026-03-25,28.78,33.440000000000005,0.935,4.8999999999999995,55.3,1,dataset-1687,OBIS+NOAA_ERDDAP (Offline Mirror)
mackerel,Indian Mackerel,Rastrelliger kanagurta,22.6779,75.192,2026-02-09,29.08,36.519999999999996,1.006,4.97,57.5,1,dataset-6953,OBIS+NOAA_ERDDAP (Offline Mirror)
mackerel,Indian Mackerel,Rastrelliger kanagurta,24.3575,64.1841,2023-12-17,28.91,36.43,1.031,4.699999999999999,22.6,1,dataset-4780,OBIS+NOAA_ERDDAP (Offline Mirror)
mackerel,Indian Mackerel,Rastrelliger kanagurta,18.8616,69.8524,2025-05-15,28.490000000000002,35.980000000000004,1.512,4.66,32.8,1,dataset-5236,OBIS+NOAA_ERDDAP (Offline Mirror)
mackerel,Indian Mackerel,Rastrelliger kanagurta,15.8748,63.1293,2025-02-10,28.569999999999997,35.88,0.6839999999999999,4.75,39.3,1,dataset-6929,OBIS+NOAA_ERDDAP (Offline Mirror)
mackerel,Indian Mackerel,Rastrelliger kanagurta,11.001,93.2602,2024-08-25,29.380000000000003,33.019999999999996,0.5680000000000001,4.37,60.3,1,dataset-5730,OBIS+NOAA_ERDDAP (Offline Mirror)
mackerel,Indian Mackerel,Rastrelliger kanagurta,12.3469,79.751,2025-06-27,29.490000000000002,35.79,0.708,4.74,41.1,1,dataset-5557,OBIS+NOAA_ERDDAP (Offline Mirror)
mackerel,Indian Mackerel,Rastrelliger kanagurta,12.0105,75.0636,2024-06-19,28.77,35.699999999999996,1.305,4.720000000000001,41.6,1,dataset-2823,OBIS+NOAA_ERDDAP (Offline Mirror)
mackerel,Indian Mackerel,Rastrelliger kanagurta,7.1533,63.3341,2026-07-08,28.07,35.75,0.49000000000000005,5.06,47.2,1,dataset-7830,OBIS+NOAA_ERDDAP (Offline Mirror)
mackerel,Indian Mackerel,Rastrelliger kanagurta,19.1159,68.2965,2025-07-11,28.97,35.97,1.556,4.83,37.9,1,dataset-7929,OBIS+NOAA_ERDDAP (Offline Mirror)
mackerel,Indian Mackerel,Rastrelliger kanagurta,14.0552,73.2145,2025-09-06,29.03,36.089999999999996,1.127,4.83,64.1,1,dataset-3984,OBIS+NOAA_ERDDAP (Offline Mirror)
mackerel,Indian Mackerel,Rastrelliger kanagurta,18.6736,88.0659,2026-03-05,28.83,32.33,0.859,5.0,46.4,1,dataset-4919,OBIS+NOAA_ERDDAP (Offline Mirror)
mackerel,Indian Mackerel,Rastrelliger kanagurta,5.54,64.657,2026-01-11,28.080000000000002,35.3,0.40299999999999997,4.9399999999999995,19.2,1,dataset-6089,OBIS+NOAA_ERDDAP (Offline Mirror)
mackerel,Indian Mackerel,Rastrelliger kanagurta,14.1622,67.3089,2024-06-29,29.380000000000003,35.779999999999994,1.197,4.8500000000000005,41.5,1,dataset-1221,OBIS+NOAA_ERDDAP (Offline Mirror)
mackerel,Indian Mackerel,Rastrelliger kanagurta,20.9232,76.1969,2024-12-29,29.04,36.45,1.66,4.760000000000001,31.3,1,dataset-1101,OBIS+NOAA_ERDDAP (Offline Mirror)
mackerel,Indian Mackerel,Rastrelliger kanagurta,21.095,66.7122,2023-12-07,29.01,36.29,1.818,4.59,31.1,1,dataset-2689,OBIS+NOAA_ERDDAP (Offline Mirror)
mackerel,Indian Mackerel,Rastrelliger kanagurta,12.988,82.0837,2025-11-07,29.6,32.86,0.669,4.78,15.9,1,dataset-2845,OBIS+NOAA_ERDDAP (Offline Mirror)
mackerel,Indian Mackerel,Rastrelliger kanagurta,10.4668,77.1105,2026-05-21,28.889999999999997,35.66,1.516,4.59,49.8,1,dataset-9577,OBIS+NOAA_ERDDAP (Offline Mirror)
mackerel,Indian Mackerel,Rastrelliger kanagurta,18.7792,77.2907,2023-12-10,28.72,36.07,1.597,4.99,46.9,1,dataset-2334,OBIS+NOAA_ERDDAP (Offline Mirror)
mackerel,Indian Mackerel,Rastrelliger kanagurta,5.4188,62.8761,2024-06-17,27.919999999999998,35.629999999999995,0.426,4.8100000000000005,26.2,1,dataset-8379,OBIS+NOAA_ERDDAP (Offline Mirror)
mackerel,Indian Mackerel,Rastrelliger kanagurta,22.2916,93.4809,2026-02-05,28.73,32.14,0.978,5.0,42.3,1,dataset-8113,OBIS+NOAA_ERDDAP (Offline Mirror)
mackerel,Indian Mackerel,Rastrelliger kanagurta,14.5584,73.2008,2025-04-08,29.15,35.95,1.268,4.960000000000001,27.8,1,dataset-2853,OBIS+NOAA_ERDDAP (Offline Mirror)
mackerel,Indian Mackerel,Rastrelliger kanagurta,14.9507,64.6143,2024-07-07,29.3,35.830000000000005,0.6649999999999999,4.47,53.4,1,dataset-8285,OBIS+NOAA_ERDDAP (Offline Mirror)
mackerel,Indian Mackerel,Rastrelliger kanagurta,5.0953,78.0307,2024-08-17,28.06,35.45,0.447,5.04,65.7,1,dataset-3905,OBIS+NOAA_ERDDAP (Offline Mirror)
mackerel,Indian Mackerel,Rastrelliger kanagurta,22.2235,63.6831,2025-09-03,28.919999999999998,36.5,0.934,4.56,57.9,1,dataset-3915,OBIS+NOAA_ERDDAP (Offline Mirror)
mackerel,Indian Mackerel,Rastrelliger kanagurta,8.9964,79.794,2024-08-19,28.87,35.62,0.515,5.010000000000001,67.1,1,dataset-4317,OBIS+NOAA_ERDDAP (Offline Mirror)
mackerel,Indian Mackerel,Rastrelliger kanagurta,11.0114,88.0441,2025-09-15,29.3,33.279999999999994,0.5690000000000001,4.87,54.3,1,dataset-9785,OBIS+NOAA_ERDDAP (Offline Mirror)
mackerel,Indian Mackerel,Rastrelliger kanagurta,10.9033,72.716,2026-08-21,28.64,35.59,1.3659999999999999,4.7,31.8,1,dataset-5724,OBIS+NOAA_ERDDAP (Offline Mirror)
mackerel,Indian Mackerel,Rastrelliger kanagurta,8.8955,90.3868,2024-10-28,29.130000000000003,33.37,0.6619999999999999,4.79,39.7,1,dataset-1087,OBIS+NOAA_ERDDAP (Offline Mirror)
mackerel,Indian Mackerel,Rastrelliger kanagurta,14.8036,62.3286,2026-06-06,28.96,35.98,0.622,4.81,38.4,1,dataset-1441,OBIS+NOAA_ERDDAP (Offline Mirror)
mackerel,Indian Mackerel,Rastrelliger kanagurta,11.1618,85.5034,2025-03-07,29.029999999999998,33.28,0.661,4.49,52.8,1,dataset-2061,OBIS+NOAA_ERDDAP (Offline Mirror)
mackerel,Indian Mackerel,Rastrelliger kanagurta,19.489,76.3418,2025-12-13,29.040000000000003,36.28,1.58,4.670000000000001,37.7,1,dataset-8814,OBIS+NOAA_ERDDAP (Offline Mirror)
mackerel,Indian Mackerel,Rastrelliger kanagurta,9.8965,93.313,2024-10-01,28.939999999999998,33.33,0.643,4.609999999999999,15.6,1,dataset-1478,OBIS+NOAA_ERDDAP (Offline Mirror)
mackerel,Indian Mackerel,Rastrelliger kanagurta,13.1752,82.8883,2025-04-27,28.81,33.03,0.608,5.01,67.9,1,dataset-7596,OBIS+NOAA_ERDDAP (Offline Mirror)
mackerel,Indian Mackerel,Rastrelliger kanagurta,15.4961,65.5037,2024-01-20,29.07,35.79,1.3800000000000001,4.819999999999999,22.8,1,dataset-4307,OBIS+NOAA_ERDDAP (Offline Mirror)
mackerel,Indian Mackerel,Rastrelliger kanagurta,17.925,85.0438,2025-06-11,29.25,32.57,0.895,4.5600000000000005,55.0,1,dataset-5865,OBIS+NOAA_ERDDAP (Offline Mirror)
mackerel,Indian Mackerel,Rastrelliger kanagurta,12.497,73.2066,2025-04-06,29.68,35.83,1.2850000000000001,4.6,39.7,1,dataset-7732,OBIS+NOAA_ERDDAP (Offline Mirror)
mackerel,Indian Mackerel,Rastrelliger kanagurta,8.7437,60.8242,2026-02-11,28.330000000000002,35.5,0.5680000000000001,5.21,33.2,1,dataset-5512,OBIS+NOAA_ERDDAP (Offline Mirror)
mackerel,Indian Mackerel,Rastrelliger kanagurta,6.1381,79.261,2024-05-03,28.04,35.54,0.491,5.2,57.4,1,dataset-8693,OBIS+NOAA_ERDDAP (Offline Mirror)
mackerel,Indian Mackerel,Rastrelliger kanagurta,20.7782,65.7528,2025-08-31,28.639999999999997,36.43,1.665,5.15,68.2,1,dataset-4895,OBIS+NOAA_ERDDAP (Offline Mirror)
mackerel,Indian Mackerel,Rastrelliger kanagurta,5.0034,88.5671,2024-06-06,28.62,33.7,0.807,4.71,65.8,1,dataset-2840,OBIS+NOAA_ERDDAP (Offline Mirror)
mackerel,Indian Mackerel,Rastrelliger kanagurta,12.2594,79.0632,2024-08-24,29.18,35.72,0.661,4.85,52.1,1,dataset-3785,OBIS+NOAA_ERDDAP (Offline Mirror)
mackerel,Indian Mackerel,Rastrelliger kanagurta,24.8668,76.0441,2026-08-07,29.360000000000003,36.519999999999996,1.062,4.75,34.1,1,dataset-8370,OBIS+NOAA_ERDDAP (Offline Mirror)
mackerel,Indian Mackerel,Rastrelliger kanagurta,10.9192,92.5884,2026-02-06,29.58,33.28,0.555,4.55,17.5,1,dataset-3074,OBIS+NOAA_ERDDAP (Offline Mirror)
mackerel,Indian Mackerel,Rastrelliger kanagurta,8.0138,85.6885,2026-06-14,28.64,33.51,0.784,4.87,60.4,1,dataset-7650,OBIS+NOAA_ERDDAP (Offline Mirror)
mackerel,Indian Mackerel,Rastrelliger kanagurta,13.0828,73.5184,2025-10-15,29.18,36.0,1.3599999999999999,4.6499999999999995,23.0,1,dataset-9052,OBIS+NOAA_ERDDAP (Offline Mirror)
mackerel,Indian Mackerel,Rastrelliger kanagurta,13.7869,68.8091,2026-04-20,29.7,36.09,1.243,4.55,47.1,1,dataset-3076,OBIS+NOAA_ERDDAP (Offline Mirror)
mackerel,Indian Mackerel,Rastrelliger kanagurta,8.2035,66.1772,2025-03-08,28.740000000000002,35.79,0.55,4.94,49.6,1,dataset-3486,OBIS+NOAA_ERDDAP (Offline Mirror)
mackerel,Indian Mackerel,Rastrelliger kanagurta,21.2867,61.547,2024-11-16,29.040000000000003,36.339999999999996,0.911,4.7,51.0,1,dataset-2119,OBIS+NOAA_ERDDAP (Offline Mirror)
mackerel,Indian Mackerel,Rastrelliger kanagurta,17.4104,83.9052,2024-01-09,28.51,32.47,0.815,5.18,42.9,1,dataset-8017,OBIS+NOAA_ERDDAP (Offline Mirror)
mackerel,Indian Mackerel,Rastrelliger kanagurta,23.527,87.9526,2026-05-25,29.02,32.309999999999995,1.107,4.890000000000001,57.4,1,dataset-1943,OBIS+NOAA_ERDDAP (Offline Mirror)
mackerel,Indian Mackerel,Rastrelliger kanagurta,15.8227,71.7531,2024-09-16,28.849999999999998,35.85,1.3390000000000002,4.68,26.8,1,dataset-1117,OBIS+NOAA_ERDDAP (Offline Mirror)
mackerel,Indian Mackerel,Rastrelliger kanagurta,23.3851,84.753,2025-03-17,28.740000000000002,32.09,1.1119999999999999,4.6,43.9,1,dataset-3456,OBIS+NOAA_ERDDAP (Offline Mirror)
mackerel,Indian Mackerel,Rastrelliger kanagurta,14.3543,91.8172,2026-05-30,29.77,32.81,0.606,4.49,57.4,1,dataset-1960,OBIS+NOAA_ERDDAP (Offline Mirror)
mackerel,Indian Mackerel,Rastrelliger kanagurta,14.451,70.5735,2024-02-26,29.61,36.08,1.21,4.26,35.1,1,dataset-5719,OBIS+NOAA_ERDDAP (Offline Mirror)
mackerel,Indian Mackerel,Rastrelliger kanagurta,20.3422,81.311,2026-08-10,28.81,32.489999999999995,0.93,4.76,38.8,1,dataset-9310,OBIS+NOAA_ERDDAP (Offline Mirror)
mackerel,Indian Mackerel,Rastrelliger kanagurta,17.6322,86.8387,2024-07-16,28.49,32.56,0.8029999999999999,4.69,24.4,1,dataset-1557,OBIS+NOAA_ERDDAP (Offline Mirror)
mackerel,Indian Mackerel,Rastrelliger kanagurta,22.3073,77.8064,2025-06-19,29.22,36.24,0.864,4.96,46.5,1,dataset-9309,OBIS+NOAA_ERDDAP (Offline Mirror)
mackerel,Indian Mackerel,Rastrelliger kanagurta,24.3234,90.8219,2026-07-15,28.73,32.199999999999996,1.145,4.6,40.7,1,dataset-4030,OBIS+NOAA_ERDDAP (Offline Mirror)
mackerel,Indian Mackerel,Rastrelliger kanagurta,9.5941,62.6153,2025-02-26,29.12,35.69,0.5820000000000001,4.970000000000001,22.2,1,dataset-9608,OBIS+NOAA_ERDDAP (Offline Mirror)
mackerel,Indian Mackerel,Rastrelliger kanagurta,23.0263,74.248,2024-11-27,28.68,36.33,0.961,5.06,69.3,1,dataset-2511,OBIS+NOAA_ERDDAP (Offline Mirror)
mackerel,Indian Mackerel,Rastrelliger kanagurta,20.455,67.5195,2026-05-17,28.9,36.28,1.661,4.9799999999999995,53.9,1,dataset-7135,OBIS+NOAA_ERDDAP (Offline Mirror)
mackerel,Indian Mackerel,Rastrelliger kanagurta,6.764,86.7087,2025-11-30,28.96,33.61,0.759,4.9,56.6,1,dataset-8214,OBIS+NOAA_ERDDAP (Offline Mirror)
mackerel,Indian Mackerel,Rastrelliger kanagurta,5.6677,71.0162,2025-01-12,28.830000000000002,35.43,0.355,5.06,37.2,1,dataset-1052,OBIS+NOAA_ERDDAP (Offline Mirror)
mackerel,Indian Mackerel,Rastrelliger kanagurta,6.4318,75.7344,2024-01-13,28.860000000000003,35.540000000000006,0.41000000000000003,4.87,15.1,1,dataset-9495,OBIS+NOAA_ERDDAP (Offline Mirror)
mackerel,Indian Mackerel,Rastrelliger kanagurta,7.2252,66.9434,2025-06-18,28.47,35.52,0.529,4.86,30.1,1,dataset-9389,OBIS+NOAA_ERDDAP (Offline Mirror)
mackerel,Indian Mackerel,Rastrelliger kanagurta,14.121,73.62,2024-11-12,29.560000000000002,36.059999999999995,1.3,4.359999999999999,37.7,1,dataset-4458,OBIS+NOAA_ERDDAP (Offline Mirror)
mackerel,Indian Mackerel,Rastrelliger kanagurta,10.0241,64.2145,2025-12-05,29.529999999999998,35.900000000000006,0.522,4.409999999999999,20.0,1,dataset-7601,OBIS+NOAA_ERDDAP (Offline Mirror)
mackerel,Indian Mackerel,Rastrelliger kanagurta,15.3107,81.2921,2024-06-06,28.68,32.61,0.796,4.97,21.4,1,dataset-2094,OBIS+NOAA_ERDDAP (Offline Mirror)
mackerel,Indian Mackerel,Rastrelliger kanagurta,19.2156,61.432,2023-12-02,28.73,36.08,0.841,5.11,51.9,1,dataset-1599,OBIS+NOAA_ERDDAP (Offline Mirror)
mackerel,Indian Mackerel,Rastrelliger kanagurta,6.2795,82.8285,2023-12-15,28.84,33.69,0.757,4.7700000000000005,32.8,1,dataset-4282,OBIS+NOAA_ERDDAP (Offline Mirror)
mackerel,Indian Mackerel,Rastrelliger kanagurta,19.8346,83.0078,2024-10-07,28.5,32.519999999999996,0.91,4.68,30.9,1,dataset-9112,OBIS+NOAA_ERDDAP (Offline Mirror)
mackerel,Indian Mackerel,Rastrelliger kanagurta,13.8307,69.1101,2025-09-07,29.44,35.97,1.313,4.71,53.0,1,dataset-3726,OBIS+NOAA_ERDDAP (Offline Mirror)
mackerel,Indian Mackerel,Rastrelliger kanagurta,13.8016,92.005,2026-01-24,28.919999999999998,33.07,0.674,4.5,44.0,1,dataset-2086,OBIS+NOAA_ERDDAP (Offline Mirror)
mackerel,Indian Mackerel,Rastrelliger kanagurta,8.2671,91.7529,2025-02-16,28.33,33.5,0.707,5.06,54.8,1,dataset-4962,OBIS+NOAA_ERDDAP (Offline Mirror)
mackerel,Indian Mackerel,Rastrelliger kanagurta,24.9397,67.6333,2024-11-10,28.73,36.290000000000006,1.017,4.66,65.7,1,dataset-6274,OBIS+NOAA_ERDDAP (Offline Mirror)
mackerel,Indian Mackerel,Rastrelliger kanagurta,16.4307,88.7563,2026-03-02,28.349999999999998,32.519999999999996,0.847,5.09,66.5,1,dataset-2752,OBIS+NOAA_ERDDAP (Offline Mirror)
mackerel,Indian Mackerel,Rastrelliger kanagurta,21.8996,81.292,2024-11-08,29.04,32.42,1.071,4.960000000000001,66.1,1,dataset-3017,OBIS+NOAA_ERDDAP (Offline Mirror)
mackerel,Indian Mackerel,Rastrelliger kanagurta,21.9279,94.1357,2025-02-02,28.63,32.29,0.9339999999999999,4.61,67.4,1,dataset-9905,OBIS+NOAA_ERDDAP (Offline Mirror)
mackerel,Indian Mackerel,Rastrelliger kanagurta,19.9708,69.8305,2024-05-03,29.2,36.300000000000004,1.7429999999999999,4.95,29.5,1,dataset-5142,OBIS+NOAA_ERDDAP (Offline Mirror)
mackerel,Indian Mackerel,Rastrelliger kanagurta,8.9042,70.9907,2025-11-13,28.450000000000003,35.55,0.588,5.04,62.8,1,dataset-8551,OBIS+NOAA_ERDDAP (Offline Mirror)
tuna,Yellowfin Tuna,Thunnus albacares,9.9848,73.2946,2024-02-29,28.45,35.690000000000005,0.5690000000000001,4.87,167.1,1,dataset-6321,OBIS+NOAA_ERDDAP (Offline Mirror)
tuna,Yellowfin Tuna,Thunnus albacares,11.596,85.2322,2024-08-29,29.270000000000003,33.19,0.715,4.880000000000001,55.0,1,dataset-4987,OBIS+NOAA_ERDDAP (Offline Mirror)
tuna,Yellowfin Tuna,Thunnus albacares,8.4214,78.3071,2025-08-26,29.04,35.419999999999995,0.565,4.6000000000000005,192.9,1,dataset-5589,OBIS+NOAA_ERDDAP (Offline Mirror)
tuna,Yellowfin Tuna,Thunnus albacares,9.4807,60.7319,2024-09-20,28.53,35.63,0.458,5.16,132.5,1,dataset-8104,OBIS+NOAA_ERDDAP (Offline Mirror)
tuna,Yellowfin Tuna,Thunnus albacares,22.4048,66.7456,2024-03-25,29.51,36.38,0.8360000000000001,4.36,111.3,1,dataset-7684,OBIS+NOAA_ERDDAP (Offline Mirror)
tuna,Yellowfin Tuna,Thunnus albacares,10.6901,73.0806,2026-04-29,28.630000000000003,35.57,1.4020000000000001,4.98,143.9,1,dataset-4774,OBIS+NOAA_ERDDAP (Offline Mirror)
tuna,Yellowfin Tuna,Thunnus albacares,18.491,88.1993,2024-09-17,29.16,32.43,0.8119999999999999,4.82,100.8,1,dataset-4335,OBIS+NOAA_ERDDAP (Offline Mirror)
tuna,Yellowfin Tuna,Thunnus albacares,13.9441,77.3751,2025-12-04,29.45,35.769999999999996,1.28,4.83,170.7,1,dataset-7432,OBIS+NOAA_ERDDAP (Offline Mirror)
tuna,Yellowfin Tuna,Thunnus albacares,21.2712,86.564,2024-07-03,29.110000000000003,32.43,1.049,4.59,76.7,1,dataset-2453,OBIS+NOAA_ERDDAP (Offline Mirror)
tuna,Yellowfin Tuna,Thunnus albacares,21.0381,73.4256,2025-04-19,29.2,36.19,1.724,4.71,125.3,1,dataset-6976,OBIS+NOAA_ERDDAP (Offline Mirror)
tuna,Yellowfin Tuna,Thunnus albacares,11.2246,89.6192,2024-08-08,29.560000000000002,33.01,0.634,4.6499999999999995,40.1,1,dataset-8304,OBIS+NOAA_ERDDAP (Offline Mirror)
tuna,Yellowfin Tuna,Thunnus albacares,5.5658,83.0744,2025-01-03,28.63,33.39,0.819,4.95,161.4,1,dataset-4169,OBIS+NOAA_ERDDAP (Offline Mirror)
tuna,Yellowfin Tuna,Thunnus albacares,22.795,90.7448,2025-08-08,29.24,32.2,1.016,4.83,75.7,1,dataset-8391,OBIS+NOAA_ERDDAP (Offline Mirror)
tuna,Yellowfin Tuna,Thunnus albacares,19.1277,76.671,2026-02-16,29.32,36.099999999999994,1.693,4.58,127.8,1,dataset-1217,OBIS+NOAA_ERDDAP (Offline Mirror)
tuna,Yellowfin Tuna,Thunnus albacares,23.5266,94.3883,2025-03-02,28.959999999999997,31.949999999999996,1.156,4.51,137.7,1,dataset-2407,OBIS+NOAA_ERDDAP (Offline Mirror)
tuna,Yellowfin Tuna,Thunnus albacares,24.1343,89.3077,2025-12-11,29.580000000000002,32.24,1.022,4.54,90.8,1,dataset-1644,OBIS+NOAA_ERDDAP (Offline Mirror)
tuna,Yellowfin Tuna,Thunnus albacares,10.982,79.8784,2024-06-23,29.55,35.6,0.608,4.52,42.1,1,dataset-4157,OBIS+NOAA_ERDDAP (Offline Mirror)
tuna,Yellowfin Tuna,Thunnus albacares,5.2926,75.3544,2026-01-24,27.88,35.26,0.362,5.21,92.7,1,dataset-9799,OBIS+NOAA_ERDDAP (Offline Mirror)
tuna,Yellowfin Tuna,Thunnus albacares,21.8304,72.4088,2026-01-27,29.52,36.089999999999996,1.7570000000000001,4.68,145.6,1,dataset-1236,OBIS+NOAA_ERDDAP (Offline Mirror)
tuna,Yellowfin Tuna,Thunnus albacares,6.175,68.2848,2025-11-05,27.98,35.68,0.345,5.06,188.5,1,dataset-6198,OBIS+NOAA_ERDDAP (Offline Mirror)
tuna,Yellowfin Tuna,Thunnus albacares,17.3087,68.6015,2024-01-19,28.740000000000002,36.06,1.3960000000000001,4.72,37.1,1,dataset-5502,OBIS+NOAA_ERDDAP (Offline Mirror)
tuna,Yellowfin Tuna,Thunnus albacares,14.0216,67.2673,2025-09-22,29.48,35.93,1.248,4.63,53.8,1,dataset-9774,OBIS+NOAA_ERDDAP (Offline Mirror)
tuna,Yellowfin Tuna,Thunnus albacares,12.481,92.9858,2024-03-31,29.24,32.9,0.577,4.42,127.0,1,dataset-8501,OBIS+NOAA_ERDDAP (Offline Mirror)
tuna,Yellowfin Tuna,Thunnus albacares,5.2486,70.0376,2026-06-11,28.1,35.660000000000004,0.377,5.2,74.7,1,dataset-1988,OBIS+NOAA_ERDDAP (Offline Mirror)
tuna,Yellowfin Tuna,Thunnus albacares,8.7611,83.4185,2025-03-10,28.95,33.43,0.661,4.819999999999999,197.7,1,dataset-8274,OBIS+NOAA_ERDDAP (Offline Mirror)
tuna,Yellowfin Tuna,Thunnus albacares,23.4943,61.5036,2024-03-13,29.220000000000002,36.22,1.034,4.61,191.9,1,dataset-8854,OBIS+NOAA_ERDDAP (Offline Mirror)
tuna,Yellowfin Tuna,Thunnus albacares,10.9933,89.2498,2025-12-31,28.73,33.019999999999996,0.571,4.92,97.8,1,dataset-5809,OBIS+NOAA_ERDDAP (Offline Mirror)
tuna,Yellowfin Tuna,Thunnus albacares,20.627,64.2831,2026-05-04,28.73,36.36,0.839,4.54,123.9,1,dataset-2562,OBIS+NOAA_ERDDAP (Offline Mirror)
tuna,Yellowfin Tuna,Thunnus albacares,6.1577,74.16,2024-03-17,28.0,35.43,0.494,5.2,85.6,1,dataset-4706,OBIS+NOAA_ERDDAP (Offline Mirror)
tuna,Yellowfin Tuna,Thunnus albacares,5.5056,78.8081,2026-01-02,28.84,35.63999999999999,0.45599999999999996,4.53,195.1,1,dataset-3454,OBIS+NOAA_ERDDAP (Offline Mirror)
tuna,Yellowfin Tuna,Thunnus albacares,18.5711,67.5436,2025-07-25,29.169999999999998,36.230000000000004,1.571,4.59,73.3,1,dataset-8534,OBIS+NOAA_ERDDAP (Offline Mirror)
tuna,Yellowfin Tuna,Thunnus albacares,6.8194,63.5614,2026-05-17,28.18,35.5,0.463,4.989999999999999,183.2,1,dataset-5885,OBIS+NOAA_ERDDAP (Offline Mirror)
tuna,Yellowfin Tuna,Thunnus albacares,22.0167,88.9094,2023-12-24,29.1,32.04,0.9469999999999998,5.01,189.2,1,dataset-2697,OBIS+NOAA_ERDDAP (Offline Mirror)
tuna,Yellowfin Tuna,Thunnus albacares,16.2802,72.4116,2025-03-17,28.32,36.11,1.3379999999999999,5.02,121.6,1,dataset-9009,OBIS+NOAA_ERDDAP (Offline Mirror)
tuna,Yellowfin Tuna,Thunnus albacares,19.3604,88.635,2025-02-02,29.400000000000002,32.52,0.924,4.79,133.7,1,dataset-1137,OBIS+NOAA_ERDDAP (Offline Mirror)
tuna,Yellowfin Tuna,Thunnus albacares,21.0101,85.8793,2024-01-03,29.16,32.45,0.9299999999999999,4.71,69.7,1,dataset-2584,OBIS+NOAA_ERDDAP (Offline Mirror)
tuna,Yellowfin Tuna,Thunnus albacares,14.7763,82.2284,2023-12-14,29.680000000000003,32.64,0.615,4.76,125.4,1,dataset-4217,OBIS+NOAA_ERDDAP (Offline Mirror)
tuna,Yellowfin Tuna,Thunnus albacares,9.4269,74.1002,2025-03-31,29.16,35.86,0.558,4.48,72.2,1,dataset-1729,OBIS+NOAA_ERDDAP (Offline Mirror)
tuna,Yellowfin Tuna,Thunnus albacares,11.6842,82.7769,2024-11-07,29.53,32.96,0.5489999999999999,4.6899999999999995,136.3,1,dataset-4358,OBIS+NOAA_ERDDAP (Offline Mirror)
tuna,Yellowfin Tuna,Thunnus albacares,24.9296,66.4865,2024-10-24,29.45,36.5,0.981,4.39,86.7,1,dataset-1878,OBIS+NOAA_ERDDAP (Offline Mirror)
tuna,Yellowfin Tuna,Thunnus albacares,11.9852,76.5841,2025-11-16,29.52,35.86,1.299,4.329999999999999,144.9,1,dataset-4762,OBIS+NOAA_ERDDAP (Offline Mirror)
tuna,Yellowfin Tuna,Thunnus albacares,6.789,86.1289,2025-09-06,28.72,33.53,0.8220000000000001,5.08,192.1,1,dataset-6759,OBIS+NOAA_ERDDAP (Offline Mirror)
tuna,Yellowfin Tuna,Thunnus albacares,23.8389,76.6336,2025-05-22,29.32,36.44,0.942,4.63,187.4,1,dataset-2057,OBIS+NOAA_ERDDAP (Offline Mirror)
tuna,Yellowfin Tuna,Thunnus albacares,5.3795,63.5163,2024-06-09,28.49,35.589999999999996,0.43,4.640000000000001,115.3,1,dataset-3152,OBIS+NOAA_ERDDAP (Offline Mirror)
tuna,Yellowfin Tuna,Thunnus albacares,19.7937,93.528,2024-02-23,29.42,32.53,0.919,4.77,176.7,1,dataset-3970,OBIS+NOAA_ERDDAP (Offline Mirror)
tuna,Yellowfin Tuna,Thunnus albacares,20.9984,61.1988,2025-02-10,29.27,36.37,0.969,4.470000000000001,196.5,1,dataset-7203,OBIS+NOAA_ERDDAP (Offline Mirror)
tuna,Yellowfin Tuna,Thunnus albacares,19.495,69.9351,2024-08-14,28.57,36.14,1.648,4.659999999999999,139.7,1,dataset-9018,OBIS+NOAA_ERDDAP (Offline Mirror)
tuna,Yellowfin Tuna,Thunnus albacares,7.6188,62.6037,2025-05-19,28.98,35.46,0.425,4.91,27.7,1,dataset-3242,OBIS+NOAA_ERDDAP (Offline Mirror)
tuna,Yellowfin Tuna,Thunnus albacares,16.2676,86.126,2024-11-25,28.270000000000003,32.67,0.725,5.2700000000000005,189.8,1,dataset-2146,OBIS+NOAA_ERDDAP (Offline Mirror)
tuna,Yellowfin Tuna,Thunnus albacares,9.3765,85.2563,2023-12-31,29.069999999999997,33.41,0.759,4.91,98.5,1,dataset-7754,OBIS+NOAA_ERDDAP (Offline Mirror)
tuna,Yellowfin Tuna,Thunnus albacares,24.1984,83.212,2025-05-20,28.81,31.94,1.0750000000000002,4.88,29.1,1,dataset-3620,OBIS+NOAA_ERDDAP (Offline Mirror)
tuna,Yellowfin Tuna,Thunnus albacares,13.0401,66.1874,2025-01-08,29.43,35.690000000000005,1.234,4.64,93.2,1,dataset-7768,OBIS+NOAA_ERDDAP (Offline Mirror)
tuna,Yellowfin Tuna,Thunnus albacares,9.6815,86.2485,2025-12-11,28.79,33.33,0.617,4.79,132.1,1,dataset-6320,OBIS+NOAA_ERDDAP (Offline Mirror)
tuna,Yellowfin Tuna,Thunnus albacares,17.2148,83.1629,2024-11-29,28.619999999999997,32.739999999999995,0.7120000000000001,5.13,83.3,1,dataset-8205,OBIS+NOAA_ERDDAP (Offline Mirror)
tuna,Yellowfin Tuna,Thunnus albacares,12.2454,74.5985,2024-02-22,28.9,35.730000000000004,1.266,4.76,27.9,1,dataset-8278,OBIS+NOAA_ERDDAP (Offline Mirror)
tuna,Yellowfin Tuna,Thunnus albacares,8.2167,68.9003,2026-05-22,28.39,35.76,0.484,5.2,102.4,1,dataset-4335,OBIS+NOAA_ERDDAP (Offline Mirror)
tuna,Yellowfin Tuna,Thunnus albacares,17.1464,63.0051,2023-12-20,28.599999999999998,36.120000000000005,0.673,5.04,78.9,1,dataset-4509,OBIS+NOAA_ERDDAP (Offline Mirror)
tuna,Yellowfin Tuna,Thunnus albacares,14.4202,75.1658,2024-09-11,29.21,36.09,1.212,4.47,144.5,1,dataset-3172,OBIS+NOAA_ERDDAP (Offline Mirror)
tuna,Yellowfin Tuna,Thunnus albacares,19.9707,84.2459,2026-06-09,29.05,32.269999999999996,0.911,4.85,135.8,1,dataset-5054,OBIS+NOAA_ERDDAP (Offline Mirror)
tuna,Yellowfin Tuna,Thunnus albacares,24.6331,89.4832,2024-11-08,29.56,32.15,1.138,4.52,38.3,1,dataset-3811,OBIS+NOAA_ERDDAP (Offline Mirror)
tuna,Yellowfin Tuna,Thunnus albacares,8.0737,84.9371,2026-05-26,28.58,33.35,0.738,4.79,151.8,1,dataset-6612,OBIS+NOAA_ERDDAP (Offline Mirror)
tuna,Yellowfin Tuna,Thunnus albacares,9.8266,81.7225,2025-01-06,28.77,33.4,0.6030000000000001,4.640000000000001,189.3,1,dataset-5332,OBIS+NOAA_ERDDAP (Offline Mirror)
tuna,Yellowfin Tuna,Thunnus albacares,18.3296,80.6261,2025-01-02,28.39,32.72,0.781,5.2,114.4,1,dataset-4014,OBIS+NOAA_ERDDAP (Offline Mirror)
tuna,Yellowfin Tuna,Thunnus albacares,21.9441,61.0155,2026-05-26,29.01,36.129999999999995,0.8360000000000001,4.7,146.7,1,dataset-1269,OBIS+NOAA_ERDDAP (Offline Mirror)
tuna,Yellowfin Tuna,Thunnus albacares,11.6616,77.5085,2024-08-02,29.57,35.92,1.453,4.49,51.1,1,dataset-3912,OBIS+NOAA_ERDDAP (Offline Mirror)
tuna,Yellowfin Tuna,Thunnus albacares,18.7712,92.1423,2025-12-06,28.900000000000002,32.66,0.797,4.52,191.7,1,dataset-9787,OBIS+NOAA_ERDDAP (Offline Mirror)
tuna,Yellowfin Tuna,Thunnus albacares,21.7697,70.2733,2025-06-09,28.59,36.14,1.869,4.83,109.8,1,dataset-1102,OBIS+NOAA_ERDDAP (Offline Mirror)
tuna,Yellowfin Tuna,Thunnus albacares,6.4266,80.9138,2024-08-02,28.240000000000002,33.32,0.7769999999999999,5.12,162.9,1,dataset-9920,OBIS+NOAA_ERDDAP (Offline Mirror)
tuna,Yellowfin Tuna,Thunnus albacares,6.3584,60.4679,2024-12-19,28.39,35.720000000000006,0.399,4.82,165.7,1,dataset-1753,OBIS+NOAA_ERDDAP (Offline Mirror)
tuna,Yellowfin Tuna,Thunnus albacares,14.7694,77.0702,2025-05-22,29.37,35.98,1.269,4.66,42.5,1,dataset-2363,OBIS+NOAA_ERDDAP (Offline Mirror)
tuna,Yellowfin Tuna,Thunnus albacares,18.1498,92.6386,2025-02-24,28.39,32.61,0.898,4.930000000000001,159.9,1,dataset-3980,OBIS+NOAA_ERDDAP (Offline Mirror)
tuna,Yellowfin Tuna,Thunnus albacares,20.1994,71.4035,2025-10-10,28.62,36.09,1.639,4.84,84.0,1,dataset-2540,OBIS+NOAA_ERDDAP (Offline Mirror)
tuna,Yellowfin Tuna,Thunnus albacares,20.8525,92.7394,2024-06-03,28.75,32.309999999999995,0.94,4.7700000000000005,192.3,1,dataset-3108,OBIS+NOAA_ERDDAP (Offline Mirror)
tuna,Yellowfin Tuna,Thunnus albacares,12.2512,91.8264,2025-03-09,28.919999999999998,32.970000000000006,0.603,4.93,120.2,1,dataset-1945,OBIS+NOAA_ERDDAP (Offline Mirror)
tuna,Yellowfin Tuna,Thunnus albacares,16.5285,84.1492,2025-11-04,29.130000000000003,32.74,0.802,4.83,54.8,1,dataset-1200,OBIS+NOAA_ERDDAP (Offline Mirror)
tuna,Yellowfin Tuna,Thunnus albacares,23.9662,71.5803,2026-06-06,29.2,36.22,1.032,4.62,191.6,1,dataset-4960,OBIS+NOAA_ERDDAP (Offline Mirror)
tuna,Yellowfin Tuna,Thunnus albacares,13.4557,85.7174,2025-06-05,29.43,32.95,0.5720000000000001,4.54,125.7,1,dataset-7014,OBIS+NOAA_ERDDAP (Offline Mirror)
tuna,Yellowfin Tuna,Thunnus albacares,15.4914,76.3572,2025-01-07,28.56,36.03,1.419,4.71,138.1,1,dataset-9345,OBIS+NOAA_ERDDAP (Offline Mirror)
tuna,Yellowfin Tuna,Thunnus albacares,17.2261,76.3198,2025-08-04,28.959999999999997,36.07,1.4989999999999999,4.76,146.6,1,dataset-4678,OBIS+NOAA_ERDDAP (Offline Mirror)
tuna,Yellowfin Tuna,Thunnus albacares,7.0074,66.1608,2025-04-22,28.18,35.629999999999995,0.41600000000000004,5.239999999999999,153.3,1,dataset-8326,OBIS+NOAA_ERDDAP (Offline Mirror)
tuna,Yellowfin Tuna,Thunnus albacares,13.5435,67.7974,2024-07-28,29.06,35.82,1.167,4.43,82.2,1,dataset-9930,OBIS+NOAA_ERDDAP (Offline Mirror)
tuna,Yellowfin Tuna,Thunnus albacares,17.0917,61.2287,2026-03-07,28.560000000000002,36.089999999999996,0.778,4.71,20.8,1,dataset-2361,OBIS+NOAA_ERDDAP (Offline Mirror)
tuna,Yellowfin Tuna,Thunnus albacares,10.6132,68.5218,2025-04-21,29.46,35.769999999999996,1.417,4.85,62.6,1,dataset-1477,OBIS+NOAA_ERDDAP (Offline Mirror)
tuna,Yellowfin Tuna,Thunnus albacares,15.6586,77.6193,2024-03-28,28.95,35.83,1.3679999999999999,4.9399999999999995,111.2,1,dataset-8352,OBIS+NOAA_ERDDAP (Offline Mirror)
tuna,Yellowfin Tuna,Thunnus albacares,5.8629,68.8375,2024-09-24,28.1,35.68,0.46199999999999997,4.81,110.0,1,dataset-7678,OBIS+NOAA_ERDDAP (Offline Mirror)
tuna,Yellowfin Tuna,Thunnus albacares,10.4498,78.3809,2026-05-09,28.72,35.56,0.588,4.97,163.0,1,dataset-7875,OBIS+NOAA_ERDDAP (Offline Mirror)
tuna,Yellowfin Tuna,Thunnus albacares,21.29,79.2272,2026-07-19,29.220000000000002,36.18,0.834,4.65,186.2,1,dataset-6038,OBIS+NOAA_ERDDAP (Offline Mirror)
tuna,Yellowfin Tuna,Thunnus albacares,20.1113,89.5186,2024-04-12,29.28,32.42,0.8370000000000001,4.609999999999999,95.4,1,dataset-4127,OBIS+NOAA_ERDDAP (Offline Mirror)
tuna,Yellowfin Tuna,Thunnus albacares,9.4211,66.0964,2025-08-27,29.069999999999997,35.870000000000005,0.48100000000000004,4.77,77.4,1,dataset-3079,OBIS+NOAA_ERDDAP (Offline Mirror)
tuna,Yellowfin Tuna,Thunnus albacares,22.9598,83.5726,2024-05-24,29.42,32.089999999999996,0.976,4.68,67.5,1,dataset-1054,OBIS+NOAA_ERDDAP (Offline Mirror)
tuna,Yellowfin Tuna,Thunnus albacares,5.8752,71.0293,2026-03-14,28.310000000000002,35.46,0.46299999999999997,5.02,137.9,1,dataset-3012,OBIS+NOAA_ERDDAP (Offline Mirror)
tuna,Yellowfin Tuna,Thunnus albacares,7.1026,87.2059,2025-12-22,28.89,33.63,0.736,4.58,192.2,1,dataset-9890,OBIS+NOAA_ERDDAP (Offline Mirror)
tuna,Yellowfin Tuna,Thunnus albacares,23.393,68.3988,2024-12-02,28.73,36.43,1.008,4.83,101.0,1,dataset-8156,OBIS+NOAA_ERDDAP (Offline Mirror)
tuna,Yellowfin Tuna,Thunnus albacares,19.8216,77.0641,2024-03-22,28.630000000000003,36.309999999999995,1.5819999999999999,5.140000000000001,198.5,1,dataset-8675,OBIS+NOAA_ERDDAP (Offline Mirror)
tuna,Yellowfin Tuna,Thunnus albacares,9.8589,63.9232,2024-04-29,29.27,35.73,0.557,4.79,131.4,1,dataset-6264,OBIS+NOAA_ERDDAP (Offline Mirror)
tuna,Yellowfin Tuna,Thunnus albacares,24.9798,69.9138,2025-02-06,29.31,36.27,0.907,4.62,35.4,1,dataset-3612,OBIS+NOAA_ERDDAP (Offline Mirror)
tuna,Yellowfin Tuna,Thunnus albacares,5.6456,85.5881,2025-06-18,28.509999999999998,33.5,0.944,4.68,141.2,1,dataset-4586,OBIS+NOAA_ERDDAP (Offline Mirror)
tuna,Yellowfin Tuna,Thunnus albacares,21.4106,68.1476,2025-11-25,29.02,36.46,1.7309999999999999,4.79,107.1,1,dataset-6729,OBIS+NOAA_ERDDAP (Offline Mirror)
tuna,Yellowfin Tuna,Thunnus albacares,12.7362,67.0927,2025-06-17,29.6,35.760000000000005,1.345,4.34,20.9,1,dataset-9560,OBIS+NOAA_ERDDAP (Offline Mirror)
tuna,Yellowfin Tuna,Thunnus albacares,9.2756,69.2156,2026-08-06,28.35,35.809999999999995,0.47200000000000003,4.67,22.3,1,dataset-1382,OBIS+NOAA_ERDDAP (Offline Mirror)
tuna,Yellowfin Tuna,Thunnus albacares,5.0006,70.515,2026-01-07,28.37,35.39,0.42300000000000004,4.97,72.6,1,dataset-7704,OBIS+NOAA_ERDDAP (Offline Mirror)
tuna,Yellowfin Tuna,Thunnus albacares,20.7866,84.7608,2026-03-26,29.479999999999997,32.42,0.948,4.65,81.5,1,dataset-1082,OBIS+NOAA_ERDDAP (Offline Mirror)
tuna,Yellowfin Tuna,Thunnus albacares,22.7306,67.5901,2024-11-03,29.14,36.2,0.869,4.5600000000000005,94.8,1,dataset-3496,OBIS+NOAA_ERDDAP (Offline Mirror)
tuna,Yellowfin Tuna,Thunnus albacares,5.0664,86.6813,2026-08-05,28.009999999999998,33.730000000000004,0.921,5.25,154.5,1,dataset-9843,OBIS+NOAA_ERDDAP (Offline Mirror)
tuna,Yellowfin Tuna,Thunnus albacares,10.207,63.8959,2025-04-05,28.759999999999998,35.72,0.4600000000000001,4.930000000000001,102.9,1,dataset-9528,OBIS+NOAA_ERDDAP (Offline Mirror)
tuna,Yellowfin Tuna,Thunnus albacares,9.4837,75.3765,2024-06-29,28.38,35.65,0.506,4.95,196.7,1,dataset-9787,OBIS+NOAA_ERDDAP (Offline Mirror)
tuna,Yellowfin Tuna,Thunnus albacares,12.9689,62.5528,2026-03-15,28.98,36.0,0.591,4.9,38.4,1,dataset-2188,OBIS+NOAA_ERDDAP (Offline Mirror)
tuna,Yellowfin Tuna,Thunnus albacares,18.8512,69.462,2026-03-24,29.28,36.21,1.655,4.89,38.8,1,dataset-9178,OBIS+NOAA_ERDDAP (Offline Mirror)
tuna,Yellowfin Tuna,Thunnus albacares,16.0492,72.1602,2025-06-06,29.02,36.07,1.3010000000000002,5.0,81.6,1,dataset-7256,OBIS+NOAA_ERDDAP (Offline Mirror)
tuna,Yellowfin Tuna,Thunnus albacares,9.7957,66.4733,2025-07-22,28.34,35.849999999999994,0.545,5.04,22.0,1,dataset-1447,OBIS+NOAA_ERDDAP (Offline Mirror)
tuna,Yellowfin Tuna,Thunnus albacares,6.8429,78.7223,2024-05-18,28.2,35.35,0.518,4.779999999999999,103.7,1,dataset-9935,OBIS+NOAA_ERDDAP (Offline Mirror)
tuna,Yellowfin Tuna,Thunnus albacares,18.4052,62.3255,2024-10-07,29.25,35.97,0.785,4.640000000000001,107.8,1,dataset-5650,OBIS+NOAA_ERDDAP (Offline Mirror)
tuna,Yellowfin Tuna,Thunnus albacares,21.8223,87.6621,2024-05-30,28.779999999999998,32.4,0.998,4.6899999999999995,106.6,1,dataset-6060,OBIS+NOAA_ERDDAP (Offline Mirror)
tuna,Yellowfin Tuna,Thunnus albacares,21.1738,81.2545,2024-06-18,28.84,32.190000000000005,0.9319999999999999,4.79,179.4,1,dataset-1920,OBIS+NOAA_ERDDAP (Offline Mirror)
tuna,Yellowfin Tuna,Thunnus albacares,15.5925,80.2201,2024-06-27,28.62,32.7,0.688,5.01,27.2,1,dataset-3992,OBIS+NOAA_ERDDAP (Offline Mirror)
tuna,Yellowfin Tuna,Thunnus albacares,6.0121,62.2538,2026-03-23,28.88,35.41,0.345,5.050000000000001,96.0,1,dataset-8520,OBIS+NOAA_ERDDAP (Offline Mirror)
tuna,Yellowfin Tuna,Thunnus albacares,8.8224,85.3354,2025-10-25,28.23,33.43,0.667,4.74,86.4,1,dataset-4199,OBIS+NOAA_ERDDAP (Offline Mirror)
tuna,Yellowfin Tuna,Thunnus albacares,16.3466,92.7644,2026-04-03,28.59,32.57,0.722,5.06,191.8,1,dataset-2424,OBIS+NOAA_ERDDAP (Offline Mirror)
tuna,Yellowfin Tuna,Thunnus albacares,17.6291,65.6798,2024-08-20,29.29,36.03,1.456,4.47,29.8,1,dataset-4309,OBIS+NOAA_ERDDAP (Offline Mirror)
tuna,Yellowfin Tuna,Thunnus albacares,16.1407,64.0827,2024-08-05,29.26,36.16,0.751,4.37,45.7,1,dataset-3540,OBIS+NOAA_ERDDAP (Offline Mirror)
tuna,Yellowfin Tuna,Thunnus albacares,17.4366,70.1366,2024-03-31,28.68,36.11,1.417,4.9799999999999995,177.9,1,dataset-5231,OBIS+NOAA_ERDDAP (Offline Mirror)
tuna,Yellowfin Tuna,Thunnus albacares,16.8491,71.8452,2024-03-12,29.169999999999998,35.86,1.405,4.41,75.9,1,dataset-1030,OBIS+NOAA_ERDDAP (Offline Mirror)
tuna,Yellowfin Tuna,Thunnus albacares,14.4578,87.0223,2025-04-14,29.189999999999998,32.720000000000006,0.752,4.46,142.8,1,dataset-3191,OBIS+NOAA_ERDDAP (Offline Mirror)
tuna,Yellowfin Tuna,Thunnus albacares,11.4199,65.3254,2025-08-06,29.119999999999997,35.620000000000005,1.4449999999999998,4.66,76.0,1,dataset-8060,OBIS+NOAA_ERDDAP (Offline Mirror)
tuna,Yellowfin Tuna,Thunnus albacares,18.6584,61.4233,2026-07-11,28.58,36.02,0.7190000000000001,5.05,58.7,1,dataset-8689,OBIS+NOAA_ERDDAP (Offline Mirror)
tuna,Yellowfin Tuna,Thunnus albacares,11.9509,89.2088,2025-02-20,29.169999999999998,32.89,0.66,4.51,119.2,1,dataset-9731,OBIS+NOAA_ERDDAP (Offline Mirror)
tuna,Yellowfin Tuna,Thunnus albacares,17.6181,66.6839,2024-04-06,28.54,35.91,1.5430000000000001,5.0200000000000005,73.8,1,dataset-7918,OBIS+NOAA_ERDDAP (Offline Mirror)
tuna,Yellowfin Tuna,Thunnus albacares,14.7262,90.2083,2024-10-19,29.07,32.64,0.6709999999999999,4.609999999999999,164.9,1,dataset-4893,OBIS+NOAA_ERDDAP (Offline Mirror)
tuna,Yellowfin Tuna,Thunnus albacares,23.2237,76.4371,2024-08-24,29.58,36.42,1.036,4.5200000000000005,66.5,1,dataset-9021,OBIS+NOAA_ERDDAP (Offline Mirror)
tuna,Yellowfin Tuna,Thunnus albacares,5.8212,80.2902,2026-03-01,28.779999999999998,33.64,0.943,4.67,83.0,1,dataset-2147,OBIS+NOAA_ERDDAP (Offline Mirror)
tuna,Yellowfin Tuna,Thunnus albacares,18.4879,73.9046,2025-05-03,29.240000000000002,36.099999999999994,1.4809999999999999,4.45,154.1,1,dataset-3415,OBIS+NOAA_ERDDAP (Offline Mirror)
tuna,Yellowfin Tuna,Thunnus albacares,19.9872,70.1597,2026-06-25,28.54,36.370000000000005,1.684,4.73,55.9,1,dataset-1003,OBIS+NOAA_ERDDAP (Offline Mirror)
tuna,Yellowfin Tuna,Thunnus albacares,21.7331,63.1495,2025-08-03,28.73,36.42,0.966,4.78,182.9,1,dataset-5245,OBIS+NOAA_ERDDAP (Offline Mirror)
tuna,Yellowfin Tuna,Thunnus albacares,24.9697,64.8322,2026-06-07,29.529999999999998,36.42,0.982,4.34,184.3,1,dataset-3707,OBIS+NOAA_ERDDAP (Offline Mirror)
tuna,Yellowfin Tuna,Thunnus albacares,18.9272,87.7215,2024-10-29,28.849999999999998,32.61,0.952,4.91,65.8,1,dataset-3467,OBIS+NOAA_ERDDAP (Offline Mirror)
tuna,Yellowfin Tuna,Thunnus albacares,10.7953,69.8501,2024-11-10,28.67,35.9,1.488,4.85,69.4,1,dataset-2394,OBIS+NOAA_ERDDAP (Offline Mirror)
tuna,Yellowfin Tuna,Thunnus albacares,16.0889,74.4288,2025-12-29,28.46,36.09,1.3,4.9,161.1,1,dataset-8211,OBIS+NOAA_ERDDAP (Offline Mirror)
tuna,Yellowfin Tuna,Thunnus albacares,23.1775,63.0747,2024-09-22,29.4,36.31,0.963,4.31,47.8,1,dataset-6129,OBIS+NOAA_ERDDAP (Offline Mirror)
tuna,Yellowfin Tuna,Thunnus albacares,14.9448,92.4774,2025-05-15,29.040000000000003,32.739999999999995,0.64,4.91,84.3,1,dataset-9411,OBIS+NOAA_ERDDAP (Offline Mirror)
tuna,Yellowfin Tuna,Thunnus albacares,20.7787,63.5272,2026-02-10,28.849999999999998,36.11,0.961,4.5,75.1,1,dataset-7945,OBIS+NOAA_ERDDAP (Offline Mirror)
tuna,Yellowfin Tuna,Thunnus albacares,14.2937,70.097,2025-02-05,29.099999999999998,35.809999999999995,1.1940000000000002,4.93,170.5,1,dataset-4621,OBIS+NOAA_ERDDAP (Offline Mirror)
tuna,Yellowfin Tuna,Thunnus albacares,20.2067,62.435,2025-12-30,28.73,36.26,0.876,4.71,139.5,1,dataset-1731,OBIS+NOAA_ERDDAP (Offline Mirror)
tuna,Yellowfin Tuna,Thunnus albacares,11.7238,63.1379,2025-08-29,29.669999999999998,35.66,0.528,4.5,156.4,1,dataset-9057,OBIS+NOAA_ERDDAP (Offline Mirror)
tuna,Yellowfin Tuna,Thunnus albacares,18.0117,74.8971,2024-09-25,29.05,35.96,1.5839999999999999,4.4799999999999995,157.1,1,dataset-9781,OBIS+NOAA_ERDDAP (Offline Mirror)
tuna,Yellowfin Tuna,Thunnus albacares,7.5279,92.2215,2025-07-31,28.92,33.589999999999996,0.721,4.92,118.8,1,dataset-3927,OBIS+NOAA_ERDDAP (Offline Mirror)
tuna,Yellowfin Tuna,Thunnus albacares,21.5285,67.3895,2024-02-03,28.880000000000003,36.43,1.828,4.970000000000001,193.7,1,dataset-4593,OBIS+NOAA_ERDDAP (Offline Mirror)
tuna,Yellowfin Tuna,Thunnus albacares,13.6062,91.7852,2025-08-07,28.84,32.959999999999994,0.635,4.75,103.8,1,dataset-6953,OBIS+NOAA_ERDDAP (Offline Mirror)
tuna,Yellowfin Tuna,Thunnus albacares,5.483,63.3926,2025-07-19,28.400000000000002,35.44,0.40399999999999997,4.8100000000000005,46.1,1,dataset-1499,OBIS+NOAA_ERDDAP (Offline Mirror)
tuna,Yellowfin Tuna,Thunnus albacares,20.3255,91.0234,2025-10-22,29.32,32.43,0.992,4.85,131.4,1,dataset-5793,OBIS+NOAA_ERDDAP (Offline Mirror)
tuna,Yellowfin Tuna,Thunnus albacares,21.6044,93.7927,2025-01-19,28.59,32.290000000000006,1.076,5.13,170.6,1,dataset-5561,OBIS+NOAA_ERDDAP (Offline Mirror)
bombay_duck,Bombay Duck,Harpadon nehereus,19.8533,65.8887,2026-07-23,28.950000000000003,36.0,1.659,4.569999999999999,48.0,1,dataset-3097,OBIS+NOAA_ERDDAP (Offline Mirror)
bombay_duck,Bombay Duck,Harpadon nehereus,18.0636,86.7138,2025-07-02,28.770000000000003,32.57,0.9309999999999999,5.0,20.4,1,dataset-2818,OBIS+NOAA_ERDDAP (Offline Mirror)
bombay_duck,Bombay Duck,Harpadon nehereus,18.4096,65.5,2025-06-25,29.240000000000002,36.05,1.626,4.51,28.6,1,dataset-7880,OBIS+NOAA_ERDDAP (Offline Mirror)
bombay_duck,Bombay Duck,Harpadon nehereus,14.8971,78.3078,2026-05-24,29.58,36.019999999999996,0.606,4.8,12.4,1,dataset-4490,OBIS+NOAA_ERDDAP (Offline Mirror)
bombay_duck,Bombay Duck,Harpadon nehereus,10.7544,60.5255,2025-04-18,28.950000000000003,35.63,0.615,4.91,11.1,1,dataset-3731,OBIS+NOAA_ERDDAP (Offline Mirror)
bombay_duck,Bombay Duck,Harpadon nehereus,18.6195,71.6484,2025-04-11,29.369999999999997,36.13,1.576,4.63,30.7,1,dataset-5061,OBIS+NOAA_ERDDAP (Offline Mirror)
bombay_duck,Bombay Duck,Harpadon nehereus,7.3445,83.0531,2024-07-28,28.810000000000002,33.239999999999995,0.6960000000000001,4.51,38.7,1,dataset-1783,OBIS+NOAA_ERDDAP (Offline Mirror)
bombay_duck,Bombay Duck,Harpadon nehereus,5.0895,86.7685,2026-05-17,28.049999999999997,33.42,0.954,4.989999999999999,13.9,1,dataset-9245,OBIS+NOAA_ERDDAP (Offline Mirror)
bombay_duck,Bombay Duck,Harpadon nehereus,19.2515,94.7651,2025-02-12,29.11,32.34,0.921,4.5600000000000005,45.9,1,dataset-4523,OBIS+NOAA_ERDDAP (Offline Mirror)
bombay_duck,Bombay Duck,Harpadon nehereus,16.7528,84.4771,2024-01-22,28.54,32.79,0.8270000000000001,5.03,31.7,1,dataset-4757,OBIS+NOAA_ERDDAP (Offline Mirror)
bombay_duck,Bombay Duck,Harpadon nehereus,5.4554,61.9177,2026-05-23,28.830000000000002,35.57,0.33199999999999996,4.79,15.4,1,dataset-3947,OBIS+NOAA_ERDDAP (Offline Mirror)
bombay_duck,Bombay Duck,Harpadon nehereus,24.6707,83.5562,2024-04-18,29.27,32.01,1.169,4.36,45.2,1,dataset-1381,OBIS+NOAA_ERDDAP (Offline Mirror)
bombay_duck,Bombay Duck,Harpadon nehereus,9.2785,65.4531,2024-08-07,29.02,35.63999999999999,0.512,4.5,20.0,1,dataset-9159,OBIS+NOAA_ERDDAP (Offline Mirror)
bombay_duck,Bombay Duck,Harpadon nehereus,14.2783,94.4656,2026-08-10,28.919999999999998,32.87,0.6629999999999999,4.909999999999999,45.0,1,dataset-9030,OBIS+NOAA_ERDDAP (Offline Mirror)
bombay_duck,Bombay Duck,Harpadon nehereus,6.6554,61.2708,2024-12-16,28.86,35.69,0.528,4.59,13.6,1,dataset-9567,OBIS+NOAA_ERDDAP (Offline Mirror)
bombay_duck,Bombay Duck,Harpadon nehereus,9.989,91.6009,2024-02-04,28.990000000000002,33.39,0.66,4.67,49.4,1,dataset-4991,OBIS+NOAA_ERDDAP (Offline Mirror)
bombay_duck,Bombay Duck,Harpadon nehereus,5.2316,93.3302,2025-02-23,28.55,33.61,0.815,4.83,16.3,1,dataset-5223,OBIS+NOAA_ERDDAP (Offline Mirror)
bombay_duck,Bombay Duck,Harpadon nehereus,12.1737,82.7246,2025-02-08,29.130000000000003,32.83,0.515,4.930000000000001,55.1,1,dataset-3848,OBIS+NOAA_ERDDAP (Offline Mirror)
bombay_duck,Bombay Duck,Harpadon nehereus,20.6177,92.2876,2024-09-30,28.77,32.42,0.9169999999999999,4.760000000000001,29.5,1,dataset-6960,OBIS+NOAA_ERDDAP (Offline Mirror)
bombay_duck,Bombay Duck,Harpadon nehereus,9.9687,89.175,2025-05-07,29.1,33.040000000000006,0.5900000000000001,4.85,15.1,1,dataset-5942,OBIS+NOAA_ERDDAP (Offline Mirror)
bombay_duck,Bombay Duck,Harpadon nehereus,15.633,66.6303,2025-09-30,28.66,36.16,1.306,4.82,38.9,1,dataset-1630,OBIS+NOAA_ERDDAP (Offline Mirror)
bombay_duck,Bombay Duck,Harpadon nehereus,15.8661,94.6159,2024-03-10,28.639999999999997,32.75,0.807,4.800000000000001,47.9,1,dataset-1083,OBIS+NOAA_ERDDAP (Offline Mirror)
bombay_duck,Bombay Duck,Harpadon nehereus,16.2895,68.0651,2025-11-30,28.51,35.949999999999996,1.365,4.95,49.6,1,dataset-3974,OBIS+NOAA_ERDDAP (Offline Mirror)
bombay_duck,Bombay Duck,Harpadon nehereus,15.6615,66.3115,2024-05-10,28.38,36.169999999999995,1.3719999999999999,4.71,45.2,1,dataset-1799,OBIS+NOAA_ERDDAP (Offline Mirror)
bombay_duck,Bombay Duck,Harpadon nehereus,15.2456,77.1843,2026-05-19,29.21,36.06,1.2890000000000001,4.47,34.2,1,dataset-4981,OBIS+NOAA_ERDDAP (Offline Mirror)
bombay_duck,Bombay Duck,Harpadon nehereus,15.8492,70.7795,2025-11-29,28.84,36.190000000000005,1.3,4.6,22.2,1,dataset-7621,OBIS+NOAA_ERDDAP (Offline Mirror)
bombay_duck,Bombay Duck,Harpadon nehereus,9.4076,94.7135,2026-07-01,28.939999999999998,33.28,0.6539999999999999,5.0,59.5,1,dataset-6452,OBIS+NOAA_ERDDAP (Offline Mirror)
bombay_duck,Bombay Duck,Harpadon nehereus,20.9406,61.0985,2024-09-12,29.34,36.11,0.885,4.33,32.2,1,dataset-9758,OBIS+NOAA_ERDDAP (Offline Mirror)
bombay_duck,Bombay Duck,Harpadon nehereus,10.4181,79.9133,2026-03-21,28.75,35.86,0.6619999999999999,4.84,26.4,1,dataset-5444,OBIS+NOAA_ERDDAP (Offline Mirror)
bombay_duck,Bombay Duck,Harpadon nehereus,21.8415,85.4097,2026-06-09,29.36,32.11,0.983,4.47,32.1,1,dataset-5298,OBIS+NOAA_ERDDAP (Offline Mirror)
bombay_duck,Bombay Duck,Harpadon nehereus,6.209,62.0482,2024-04-12,28.130000000000003,35.57,0.433,5.07,48.8,1,dataset-6130,OBIS+NOAA_ERDDAP (Offline Mirror)
bombay_duck,Bombay Duck,Harpadon nehereus,10.3706,79.6114,2024-07-27,29.16,35.83,0.634,4.73,53.2,1,dataset-3361,OBIS+NOAA_ERDDAP (Offline Mirror)
bombay_duck,Bombay Duck,Harpadon nehereus,22.6535,79.0543,2024-08-17,29.47,36.239999999999995,0.8310000000000001,4.8100000000000005,43.7,1,dataset-4651,OBIS+NOAA_ERDDAP (Offline Mirror)
bombay_duck,Bombay Duck,Harpadon nehereus,18.9888,85.4858,2024-02-06,28.66,32.37,0.929,4.840000000000001,33.7,1,dataset-9791,OBIS+NOAA_ERDDAP (Offline Mirror)
bombay_duck,Bombay Duck,Harpadon nehereus,16.4402,71.8831,2024-01-01,28.509999999999998,35.96,1.331,4.98,23.8,1,dataset-6095,OBIS+NOAA_ERDDAP (Offline Mirror)
bombay_duck,Bombay Duck,Harpadon nehereus,21.267,85.5131,2025-05-06,29.270000000000003,32.32,0.9149999999999999,4.630000000000001,42.9,1,dataset-8236,OBIS+NOAA_ERDDAP (Offline Mirror)
bombay_duck,Bombay Duck,Harpadon nehereus,24.208,62.8211,2026-05-27,29.38,36.51,1.024,4.71,17.7,1,dataset-2581,OBIS+NOAA_ERDDAP (Offline Mirror)
bombay_duck,Bombay Duck,Harpadon nehereus,15.7542,85.5961,2025-04-01,28.279999999999998,32.57,0.835,4.800000000000001,10.6,1,dataset-6919,OBIS+NOAA_ERDDAP (Offline Mirror)
bombay_duck,Bombay Duck,Harpadon nehereus,5.7833,60.6947,2025-05-26,28.58,35.510000000000005,0.346,4.84,42.0,1,dataset-2910,OBIS+NOAA_ERDDAP (Offline Mirror)
bombay_duck,Bombay Duck,Harpadon nehereus,12.0018,81.2961,2025-11-15,29.09,33.08,0.502,4.64,27.9,1,dataset-1234,OBIS+NOAA_ERDDAP (Offline Mirror)
bombay_duck,Bombay Duck,Harpadon nehereus,7.3412,79.201,2026-06-15,28.93,35.74,0.57,4.819999999999999,41.7,1,dataset-9582,OBIS+NOAA_ERDDAP (Offline Mirror)
bombay_duck,Bombay Duck,Harpadon nehereus,10.1644,80.502,2025-12-06,29.470000000000002,33.23,0.685,4.76,53.9,1,dataset-2865,OBIS+NOAA_ERDDAP (Offline Mirror)
bombay_duck,Bombay Duck,Harpadon nehereus,11.2072,93.6509,2024-04-10,28.810000000000002,33.24,0.667,4.95,19.4,1,dataset-1040,OBIS+NOAA_ERDDAP (Offline Mirror)
bombay_duck,Bombay Duck,Harpadon nehereus,8.3114,77.807,2025-07-17,28.32,35.69,0.42,4.68,17.8,1,dataset-1277,OBIS+NOAA_ERDDAP (Offline Mirror)
bombay_duck,Bombay Duck,Harpadon nehereus,5.3463,81.398,2025-12-30,28.599999999999998,33.72,0.902,4.59,52.2,1,dataset-5892,OBIS+NOAA_ERDDAP (Offline Mirror)
bombay_duck,Bombay Duck,Harpadon nehereus,15.2926,61.7697,2026-02-12,28.650000000000002,36.08,0.612,4.79,53.6,1,dataset-3085,OBIS+NOAA_ERDDAP (Offline Mirror)
bombay_duck,Bombay Duck,Harpadon nehereus,11.8635,87.7681,2024-12-19,29.52,33.18,0.667,4.3,40.0,1,dataset-2909,OBIS+NOAA_ERDDAP (Offline Mirror)
bombay_duck,Bombay Duck,Harpadon nehereus,9.0989,94.2697,2025-01-16,28.380000000000003,33.45,0.815,5.01,57.9,1,dataset-2478,OBIS+NOAA_ERDDAP (Offline Mirror)
bombay_duck,Bombay Duck,Harpadon nehereus,13.2793,89.9524,2024-02-20,29.09,32.91,0.581,4.6,52.2,1,dataset-3126,OBIS+NOAA_ERDDAP (Offline Mirror)
bombay_duck,Bombay Duck,Harpadon nehereus,15.5712,94.0837,2026-08-17,28.75,32.57,0.695,4.98,50.9,1,dataset-6804,OBIS+NOAA_ERDDAP (Offline Mirror)
bombay_duck,Bombay Duck,Harpadon nehereus,15.9271,83.3101,2025-10-05,29.06,32.68,0.735,4.83,19.1,1,dataset-1871,OBIS+NOAA_ERDDAP (Offline Mirror)
bombay_duck,Bombay Duck,Harpadon nehereus,18.3058,74.8295,2026-08-21,28.52,36.29,1.62,4.71,49.7,1,dataset-8666,OBIS+NOAA_ERDDAP (Offline Mirror)
bombay_duck,Bombay Duck,Harpadon nehereus,13.8574,69.2573,2026-04-30,29.44,36.02,1.118,4.63,39.7,1,dataset-8582,OBIS+NOAA_ERDDAP (Offline Mirror)
bombay_duck,Bombay Duck,Harpadon nehereus,9.8576,89.1869,2025-05-23,28.55,33.09,0.7070000000000001,5.13,57.1,1,dataset-5136,OBIS+NOAA_ERDDAP (Offline Mirror)
bombay_duck,Bombay Duck,Harpadon nehereus,10.2932,75.5212,2025-07-24,29.439999999999998,35.72,1.578,4.6899999999999995,47.9,1,dataset-6519,OBIS+NOAA_ERDDAP (Offline Mirror)
bombay_duck,Bombay Duck,Harpadon nehereus,24.6885,89.0801,2024-01-05,28.83,32.21,1.0190000000000001,4.78,53.3,1,dataset-1714,OBIS+NOAA_ERDDAP (Offline Mirror)
bombay_duck,Bombay Duck,Harpadon nehereus,17.5724,83.4052,2026-01-27,29.13,32.63,0.7939999999999999,4.79,26.2,1,dataset-3913,OBIS+NOAA_ERDDAP (Offline Mirror)
bombay_duck,Bombay Duck,Harpadon nehereus,7.7009,76.762,2025-07-20,28.98,35.67,0.535,4.46,11.0,1,dataset-5530,OBIS+NOAA_ERDDAP (Offline Mirror)
bombay_duck,Bombay Duck,Harpadon nehereus,6.8087,85.4158,2025-10-20,28.650000000000002,33.59,0.75,5.03,24.9,1,dataset-9023,OBIS+NOAA_ERDDAP (Offline Mirror)
bombay_duck,Bombay Duck,Harpadon nehereus,12.6725,92.6777,2024-05-30,28.77,33.14,0.59,4.930000000000001,20.5,1,dataset-3937,OBIS+NOAA_ERDDAP (Offline Mirror)
bombay_duck,Bombay Duck,Harpadon nehereus,12.2258,94.8098,2026-04-14,28.799999999999997,33.050000000000004,0.5529999999999999,5.01,54.7,1,dataset-8602,OBIS+NOAA_ERDDAP (Offline Mirror)
bombay_duck,Bombay Duck,Harpadon nehereus,12.9488,78.4619,2025-08-11,29.17,35.75,0.543,4.4399999999999995,59.4,1,dataset-2001,OBIS+NOAA_ERDDAP (Offline Mirror)
bombay_duck,Bombay Duck,Harpadon nehereus,18.4046,65.4696,2024-10-15,29.19,36.21,1.61,4.84,38.4,1,dataset-9564,OBIS+NOAA_ERDDAP (Offline Mirror)
bombay_duck,Bombay Duck,Harpadon nehereus,24.4048,83.6229,2025-10-11,28.860000000000003,32.199999999999996,0.9980000000000001,4.55,25.8,1,dataset-2198,OBIS+NOAA_ERDDAP (Offline Mirror)
bombay_duck,Bombay Duck,Harpadon nehereus,8.6503,75.4958,2026-05-29,28.740000000000002,35.71,0.503,5.12,14.4,1,dataset-2932,OBIS+NOAA_ERDDAP (Offline Mirror)
bombay_duck,Bombay Duck,Harpadon nehereus,5.9919,78.5084,2026-06-24,28.06,35.58,0.40399999999999997,4.96,12.0,1,dataset-2615,OBIS+NOAA_ERDDAP (Offline Mirror)
bombay_duck,Bombay Duck,Harpadon nehereus,20.4577,75.8566,2025-06-27,29.47,36.379999999999995,1.6620000000000001,4.61,38.5,1,dataset-6214,OBIS+NOAA_ERDDAP (Offline Mirror)
bombay_duck,Bombay Duck,Harpadon nehereus,12.8396,84.6763,2026-07-16,29.599999999999998,32.96,0.669,4.38,40.4,1,dataset-5482,OBIS+NOAA_ERDDAP (Offline Mirror)
bombay_duck,Bombay Duck,Harpadon nehereus,22.8794,84.6515,2025-12-16,28.81,32.0,1.0499999999999998,4.7299999999999995,51.8,1,dataset-9924,OBIS+NOAA_ERDDAP (Offline Mirror)
bombay_duck,Bombay Duck,Harpadon nehereus,5.0992,62.441,2025-09-23,28.279999999999998,35.63,0.378,4.760000000000001,18.3,1,dataset-8874,OBIS+NOAA_ERDDAP (Offline Mirror)
bombay_duck,Bombay Duck,Harpadon nehereus,10.5601,93.7571,2024-06-24,29.479999999999997,33.349999999999994,0.641,4.64,35.3,1,dataset-4124,OBIS+NOAA_ERDDAP (Offline Mirror)
bombay_duck,Bombay Duck,Harpadon nehereus,6.7843,81.6893,2024-02-20,28.81,33.550000000000004,0.893,5.05,34.3,1,dataset-1242,OBIS+NOAA_ERDDAP (Offline Mirror)
bombay_duck,Bombay Duck,Harpadon nehereus,13.5127,75.9696,2024-09-05,29.25,35.900000000000006,1.211,4.8100000000000005,49.6,1,dataset-9114,OBIS+NOAA_ERDDAP (Offline Mirror)
bombay_duck,Bombay Duck,Harpadon nehereus,6.331,65.4962,2024-05-21,28.19,35.38,0.422,4.739999999999999,31.3,1,dataset-2371,OBIS+NOAA_ERDDAP (Offline Mirror)
bombay_duck,Bombay Duck,Harpadon nehereus,16.4741,67.9439,2023-12-16,28.38,35.89,1.3039999999999998,5.0,16.8,1,dataset-8146,OBIS+NOAA_ERDDAP (Offline Mirror)
bombay_duck,Bombay Duck,Harpadon nehereus,19.4093,65.043,2025-07-08,29.3,36.11,1.537,4.55,21.6,1,dataset-8920,OBIS+NOAA_ERDDAP (Offline Mirror)
bombay_duck,Bombay Duck,Harpadon nehereus,5.1191,75.244,2025-09-20,28.7,35.37,0.48600000000000004,4.59,35.8,1,dataset-6106,OBIS+NOAA_ERDDAP (Offline Mirror)
bombay_duck,Bombay Duck,Harpadon nehereus,22.5911,65.0378,2025-01-06,28.61,36.309999999999995,0.9560000000000001,4.89,42.2,1,dataset-4525,OBIS+NOAA_ERDDAP (Offline Mirror)
bombay_duck,Bombay Duck,Harpadon nehereus,8.3657,67.3354,2024-11-21,28.92,35.72,0.581,4.829999999999999,47.6,1,dataset-3328,OBIS+NOAA_ERDDAP (Offline Mirror)
bombay_duck,Bombay Duck,Harpadon nehereus,10.8081,78.0363,2024-09-11,28.82,35.830000000000005,0.5499999999999999,4.8,10.5,1,dataset-6459,OBIS+NOAA_ERDDAP (Offline Mirror)
bombay_duck,Bombay Duck,Harpadon nehereus,18.2087,89.4593,2024-03-21,28.63,32.71,0.876,5.16,39.3,1,dataset-4687,OBIS+NOAA_ERDDAP (Offline Mirror)
bombay_duck,Bombay Duck,Harpadon nehereus,14.3722,92.999,2024-01-28,29.88,33.02,0.7569999999999999,4.16,45.2,1,dataset-5906,OBIS+NOAA_ERDDAP (Offline Mirror)
bombay_duck,Bombay Duck,Harpadon nehereus,24.4015,68.1851,2025-09-11,28.970000000000002,36.54,0.951,4.86,21.1,1,dataset-1950,OBIS+NOAA_ERDDAP (Offline Mirror)
bombay_duck,Bombay Duck,Harpadon nehereus,11.3018,74.0006,2024-10-10,29.57,35.64,1.3239999999999998,4.319999999999999,13.9,1,dataset-3400,OBIS+NOAA_ERDDAP (Offline Mirror)
bombay_duck,Bombay Duck,Harpadon nehereus,8.6447,69.6671,2024-08-01,28.54,35.760000000000005,0.608,4.67,14.4,1,dataset-4361,OBIS+NOAA_ERDDAP (Offline Mirror)
bombay_duck,Bombay Duck,Harpadon nehereus,13.9761,79.8301,2024-11-01,29.02,35.87,0.5970000000000001,4.510000000000001,19.0,1,dataset-3442,OBIS+NOAA_ERDDAP (Offline Mirror)
bombay_duck,Bombay Duck,Harpadon nehereus,24.399,93.4837,2024-07-24,29.53,32.01,1.046,4.4799999999999995,28.8,1,dataset-7182,OBIS+NOAA_ERDDAP (Offline Mirror)
bombay_duck,Bombay Duck,Harpadon nehereus,15.5053,64.6504,2024-10-19,28.240000000000002,36.13999999999999,0.627,5.22,55.5,1,dataset-5415,OBIS+NOAA_ERDDAP (Offline Mirror)
bombay_duck,Bombay Duck,Harpadon nehereus,8.5422,64.9177,2024-01-28,28.229999999999997,35.720000000000006,0.586,4.95,38.7,1,dataset-4936,OBIS+NOAA_ERDDAP (Offline Mirror)
bombay_duck,Bombay Duck,Harpadon nehereus,16.1561,90.197,2023-12-11,28.680000000000003,32.63,0.727,4.71,45.3,1,dataset-7092,OBIS+NOAA_ERDDAP (Offline Mirror)
bombay_duck,Bombay Duck,Harpadon nehereus,16.1494,74.0664,2025-04-16,29.200000000000003,35.839999999999996,1.3470000000000002,4.42,55.2,1,dataset-1655,OBIS+NOAA_ERDDAP (Offline Mirror)
bombay_duck,Bombay Duck,Harpadon nehereus,13.1911,61.8044,2025-09-19,29.53,35.7,0.621,4.409999999999999,20.9,1,dataset-6719,OBIS+NOAA_ERDDAP (Offline Mirror)
bombay_duck,Bombay Duck,Harpadon nehereus,11.9478,94.9799,2023-12-01,29.509999999999998,32.89,0.5459999999999999,4.680000000000001,31.7,1,dataset-7815,OBIS+NOAA_ERDDAP (Offline Mirror)
bombay_duck,Bombay Duck,Harpadon nehereus,12.5388,85.2729,2026-02-12,29.15,33.16,0.659,4.83,23.3,1,dataset-7625,OBIS+NOAA_ERDDAP (Offline Mirror)
bombay_duck,Bombay Duck,Harpadon nehereus,12.2614,87.8198,2025-10-03,29.5,33.1,0.585,4.720000000000001,45.3,1,dataset-9314,OBIS+NOAA_ERDDAP (Offline Mirror)
bombay_duck,Bombay Duck,Harpadon nehereus,15.2407,70.1322,2025-04-24,28.51,35.77,1.2149999999999999,5.12,41.8,1,dataset-2115,OBIS+NOAA_ERDDAP (Offline Mirror)
bombay_duck,Bombay Duck,Harpadon nehereus,17.9869,84.1904,2025-05-26,28.48,32.75,0.9219999999999999,4.6899999999999995,25.2,1,dataset-7791,OBIS+NOAA_ERDDAP (Offline Mirror)
bombay_duck,Bombay Duck,Harpadon nehereus,19.3374,76.7035,2024-01-29,28.87,36.010000000000005,1.676,5.07,44.1,1,dataset-2712,OBIS+NOAA_ERDDAP (Offline Mirror)
bombay_duck,Bombay Duck,Harpadon nehereus,20.9101,69.5346,2024-06-20,29.14,36.36,1.773,4.390000000000001,50.3,1,dataset-5852,OBIS+NOAA_ERDDAP (Offline Mirror)
bombay_duck,Bombay Duck,Harpadon nehereus,12.1283,71.231,2024-09-14,29.18,35.71,1.3430000000000002,4.739999999999999,55.4,1,dataset-7100,OBIS+NOAA_ERDDAP (Offline Mirror)
bombay_duck,Bombay Duck,Harpadon nehereus,11.7332,83.7293,2024-08-07,29.48,33.1,0.627,4.43,58.1,1,dataset-6405,OBIS+NOAA_ERDDAP (Offline Mirror)
bombay_duck,Bombay Duck,Harpadon nehereus,17.0392,85.0683,2024-09-02,28.34,32.47,0.899,4.86,10.8,1,dataset-4155,OBIS+NOAA_ERDDAP (Offline Mirror)
bombay_duck,Bombay Duck,Harpadon nehereus,17.799,81.5291,2025-02-13,28.37,32.519999999999996,0.7919999999999999,5.01,13.3,1,dataset-4576,OBIS+NOAA_ERDDAP (Offline Mirror)
bombay_duck,Bombay Duck,Harpadon nehereus,15.0462,85.4818,2025-12-02,28.939999999999998,32.599999999999994,0.7999999999999999,4.77,23.6,1,dataset-4724,OBIS+NOAA_ERDDAP (Offline Mirror)
bombay_duck,Bombay Duck,Harpadon nehereus,5.2396,71.3276,2026-02-15,28.51,35.6,0.45299999999999996,5.21,14.9,1,dataset-1157,OBIS+NOAA_ERDDAP (Offline Mirror)
bombay_duck,Bombay Duck,Harpadon nehereus,7.4872,94.2869,2024-11-18,28.830000000000002,33.51,0.6980000000000001,4.529999999999999,31.3,1,dataset-7274,OBIS+NOAA_ERDDAP (Offline Mirror)
bombay_duck,Bombay Duck,Harpadon nehereus,18.2361,60.7449,2024-02-13,29.27,36.18,0.741,4.49,13.6,1,dataset-5871,OBIS+NOAA_ERDDAP (Offline Mirror)
bombay_duck,Bombay Duck,Harpadon nehereus,10.0671,80.1569,2024-08-20,29.54,33.26,0.645,4.289999999999999,26.5,1,dataset-2035,OBIS+NOAA_ERDDAP (Offline Mirror)
bombay_duck,Bombay Duck,Harpadon nehereus,15.8336,67.5803,2024-02-11,28.24,36.120000000000005,1.338,4.8,33.8,1,dataset-7040,OBIS+NOAA_ERDDAP (Offline Mirror)
bombay_duck,Bombay Duck,Harpadon nehereus,9.1773,71.7236,2024-07-09,28.54,35.51,0.533,5.180000000000001,31.2,1,dataset-3149,OBIS+NOAA_ERDDAP (Offline Mirror)
bombay_duck,Bombay Duck,Harpadon nehereus,14.5199,74.1711,2024-10-15,29.41,36.06,1.26,4.68,24.4,1,dataset-6794,OBIS+NOAA_ERDDAP (Offline Mirror)
bombay_duck,Bombay Duck,Harpadon nehereus,10.6175,82.4028,2024-07-02,28.89,33.05,0.7210000000000001,5.010000000000001,51.7,1,dataset-1437,OBIS+NOAA_ERDDAP (Offline Mirror)
bombay_duck,Bombay Duck,Harpadon nehereus,16.529,75.0569,2026-07-08,28.650000000000002,36.160000000000004,1.422,4.71,59.8,1,dataset-7707,OBIS+NOAA_ERDDAP (Offline Mirror)
bombay_duck,Bombay Duck,Harpadon nehereus,9.8781,67.9842,2026-01-05,28.33,35.76,0.628,5.01,34.6,1,dataset-2670,OBIS+NOAA_ERDDAP (Offline Mirror)
bombay_duck,Bombay Duck,Harpadon nehereus,9.36,60.3998,2025-03-14,29.11,35.510000000000005,0.5760000000000001,4.66,48.5,1,dataset-8487,OBIS+NOAA_ERDDAP (Offline Mirror)
bombay_duck,Bombay Duck,Harpadon nehereus,15.5327,93.2015,2025-07-12,28.3,32.669999999999995,0.73,5.2700000000000005,49.3,1,dataset-3905,OBIS+NOAA_ERDDAP (Offline Mirror)
bombay_duck,Bombay Duck,Harpadon nehereus,16.4611,83.4522,2024-02-11,28.849999999999998,32.66,0.79,4.6,30.2,1,dataset-3073,OBIS+NOAA_ERDDAP (Offline Mirror)
bombay_duck,Bombay Duck,Harpadon nehereus,13.1061,75.3265,2024-10-29,29.029999999999998,35.75,1.203,4.5600000000000005,33.9,1,dataset-8083,OBIS+NOAA_ERDDAP (Offline Mirror)
bombay_duck,Bombay Duck,Harpadon nehereus,21.8414,65.1591,2024-04-27,28.84,36.29,1.823,4.93,25.5,1,dataset-8743,OBIS+NOAA_ERDDAP (Offline Mirror)
bombay_duck,Bombay Duck,Harpadon nehereus,16.4219,88.2354,2024-09-16,28.4,32.589999999999996,0.6920000000000001,4.82,22.1,1,dataset-5059,OBIS+NOAA_ERDDAP (Offline Mirror)
bombay_duck,Bombay Duck,Harpadon nehereus,8.6066,68.1275,2023-12-26,28.94,35.5,0.479,4.77,53.3,1,dataset-4133,OBIS+NOAA_ERDDAP (Offline Mirror)
bombay_duck,Bombay Duck,Harpadon nehereus,23.2578,71.7403,2026-08-12,29.32,36.33,0.9089999999999999,4.52,56.2,1,dataset-4094,OBIS+NOAA_ERDDAP (Offline Mirror)
bombay_duck,Bombay Duck,Harpadon nehereus,16.9237,87.6453,2025-11-05,29.240000000000002,32.82,0.7130000000000001,4.54,44.6,1,dataset-5584,OBIS+NOAA_ERDDAP (Offline Mirror)
bombay_duck,Bombay Duck,Harpadon nehereus,15.5003,79.1681,2025-02-14,28.240000000000002,36.05,0.767,4.94,10.1,1,dataset-9957,OBIS+NOAA_ERDDAP (Offline Mirror)
bombay_duck,Bombay Duck,Harpadon nehereus,6.9468,91.1356,2026-08-22,28.61,33.379999999999995,0.788,5.16,22.9,1,dataset-5690,OBIS+NOAA_ERDDAP (Offline Mirror)
bombay_duck,Bombay Duck,Harpadon nehereus,19.114,75.2896,2025-08-08,29.3,36.309999999999995,1.574,4.79,50.4,1,dataset-4554,OBIS+NOAA_ERDDAP (Offline Mirror)
bombay_duck,Bombay Duck,Harpadon nehereus,19.381,70.0099,2024-06-21,29.16,36.02,1.553,4.960000000000001,34.7,1,dataset-4220,OBIS+NOAA_ERDDAP (Offline Mirror)
bombay_duck,Bombay Duck,Harpadon nehereus,18.097,65.1469,2025-10-16,28.64,36.06,1.484,4.96,52.8,1,dataset-6705,OBIS+NOAA_ERDDAP (Offline Mirror)
bombay_duck,Bombay Duck,Harpadon nehereus,6.725,63.6585,2024-07-01,28.34,35.72,0.47900000000000004,5.05,12.7,1,dataset-2062,OBIS+NOAA_ERDDAP (Offline Mirror)
bombay_duck,Bombay Duck,Harpadon nehereus,24.8545,87.7266,2025-09-24,29.09,32.07,1.199,4.83,10.7,1,dataset-5721,OBIS+NOAA_ERDDAP (Offline Mirror)
bombay_duck,Bombay Duck,Harpadon nehereus,15.2833,74.6712,2024-04-27,28.900000000000002,35.82,1.255,4.81,21.2,1,dataset-1386,OBIS+NOAA_ERDDAP (Offline Mirror)
bombay_duck,Bombay Duck,Harpadon nehereus,17.6178,78.7283,2025-05-27,29.229999999999997,35.989999999999995,0.723,4.53,36.5,1,dataset-6537,OBIS+NOAA_ERDDAP (Offline Mirror)
bombay_duck,Bombay Duck,Harpadon nehereus,20.9466,71.2802,2025-01-02,29.43,36.4,1.672,4.859999999999999,29.1,1,dataset-2541,OBIS+NOAA_ERDDAP (Offline Mirror)
bombay_duck,Bombay Duck,Harpadon nehereus,22.7602,86.2055,2023-12-19,29.2,32.1,1.053,4.41,31.4,1,dataset-3683,OBIS+NOAA_ERDDAP (Offline Mirror)
bombay_duck,Bombay Duck,Harpadon nehereus,24.1074,68.1079,2025-06-27,29.41,36.23,0.984,4.369999999999999,21.5,1,dataset-1650,OBIS+NOAA_ERDDAP (Offline Mirror)
bombay_duck,Bombay Duck,Harpadon nehereus,15.716,78.1085,2025-02-24,28.299999999999997,36.09,0.73,4.95,31.1,1,dataset-3951,OBIS+NOAA_ERDDAP (Offline Mirror)
bombay_duck,Bombay Duck,Harpadon nehereus,17.0744,62.8014,2025-06-29,28.5,36.08,0.803,4.7,15.2,1,dataset-6103,OBIS+NOAA_ERDDAP (Offline Mirror)
bombay_duck,Bombay Duck,Harpadon nehereus,13.3669,61.5779,2025-04-25,29.73,35.809999999999995,0.557,4.25,28.9,1,dataset-2886,OBIS+NOAA_ERDDAP (Offline Mirror)
bombay_duck,Bombay Duck,Harpadon nehereus,17.8473,94.4574,2024-12-14,28.95,32.63,0.873,5.04,10.1,1,dataset-4425,OBIS+NOAA_ERDDAP (Offline Mirror)
bombay_duck,Bombay Duck,Harpadon nehereus,18.2478,91.0498,2024-09-18,29.18,32.54,0.944,4.529999999999999,48.2,1,dataset-2665,OBIS+NOAA_ERDDAP (Offline Mirror)
bombay_duck,Bombay Duck,Harpadon nehereus,21.8471,63.5741,2025-05-29,28.91,36.42,0.977,5.0,50.2,1,dataset-4241,OBIS+NOAA_ERDDAP (Offline Mirror)
bombay_duck,Bombay Duck,Harpadon nehereus,23.851,83.1307,2025-06-11,28.68,32.220000000000006,1.054,4.779999999999999,16.4,1,dataset-2867,OBIS+NOAA_ERDDAP (Offline Mirror)
bombay_duck,Bombay Duck,Harpadon nehereus,20.3264,86.6353,2025-07-18,29.349999999999998,32.55,0.9930000000000001,4.34,13.8,1,dataset-2844,OBIS+NOAA_ERDDAP (Offline Mirror)
bombay_duck,Bombay Duck,Harpadon nehereus,10.0719,82.3664,2025-07-30,29.48,33.08,0.628,4.55,17.7,1,dataset-3387,OBIS+NOAA_ERDDAP (Offline Mirror)
bombay_duck,Bombay Duck,Harpadon nehereus,12.52,72.8954,2024-04-16,29.299999999999997,35.71,1.3170000000000002,4.75,45.4,1,dataset-6656,OBIS+NOAA_ERDDAP (Offline Mirror)
bombay_duck,Bombay Duck,Harpadon nehereus,15.9415,60.7672,2026-05-10,28.97,36.04,0.824,4.85,54.4,1,dataset-2418,OBIS+NOAA_ERDDAP (Offline Mirror)
bombay_duck,Bombay Duck,Harpadon nehereus,23.5156,60.5396,2026-07-11,28.84,36.2,1.022,5.08,51.9,1,dataset-7750,OBIS+NOAA_ERDDAP (Offline Mirror)
bombay_duck,Bombay Duck,Harpadon nehereus,23.4119,80.5937,2024-12-27,29.36,32.0,1.05,4.49,34.5,1,dataset-8158,OBIS+NOAA_ERDDAP (Offline Mirror)
bombay_duck,Bombay Duck,Harpadon nehereus,14.8271,91.8978,2026-04-20,29.37,33.0,0.8119999999999999,4.49,56.7,1,dataset-7926,OBIS+NOAA_ERDDAP (Offline Mirror)
bombay_duck,Bombay Duck,Harpadon nehereus,22.4168,84.562,2024-02-09,28.98,32.4,1.0999999999999999,4.62,59.2,1,dataset-4974,OBIS+NOAA_ERDDAP (Offline Mirror)
shrimp,Penaeid Shrimp,Penaeus indicus,21.701,89.6369,2025-08-05,29.5,32.08,0.929,4.37,25.0,1,dataset-5461,OBIS+NOAA_ERDDAP (Offline Mirror)
shrimp,Penaeid Shrimp,Penaeus indicus,20.613,67.9976,2026-08-05,28.990000000000002,36.3,1.6300000000000001,5.01,25.4,1,dataset-5405,OBIS+NOAA_ERDDAP (Offline Mirror)
shrimp,Penaeid Shrimp,Penaeus indicus,15.6316,87.1418,2026-07-19,28.45,32.76,0.838,4.93,10.0,1,dataset-8915,OBIS+NOAA_ERDDAP (Offline Mirror)
shrimp,Penaeid Shrimp,Penaeus indicus,18.6098,72.0041,2024-04-03,29.349999999999998,36.07,1.4829999999999999,4.34,8.4,1,dataset-3562,OBIS+NOAA_ERDDAP (Offline Mirror)
shrimp,Penaeid Shrimp,Penaeus indicus,11.5325,86.6256,2025-05-28,28.68,33.07,0.623,4.83,25.7,1,dataset-5601,OBIS+NOAA_ERDDAP (Offline Mirror)
shrimp,Penaeid Shrimp,Penaeus indicus,21.9463,90.5621,2025-08-12,28.7,32.300000000000004,1.087,4.6,22.7,1,dataset-8816,OBIS+NOAA_ERDDAP (Offline Mirror)
shrimp,Penaeid Shrimp,Penaeus indicus,15.5368,68.6886,2024-06-17,28.68,35.83,1.276,4.63,14.7,1,dataset-4045,OBIS+NOAA_ERDDAP (Offline Mirror)
shrimp,Penaeid Shrimp,Penaeus indicus,10.0857,86.1546,2024-07-17,28.62,33.22,0.66,4.7700000000000005,12.7,1,dataset-7060,OBIS+NOAA_ERDDAP (Offline Mirror)
shrimp,Penaeid Shrimp,Penaeus indicus,24.1343,68.0578,2026-08-19,29.5,36.309999999999995,0.967,4.58,6.7,1,dataset-6882,OBIS+NOAA_ERDDAP (Offline Mirror)
shrimp,Penaeid Shrimp,Penaeus indicus,24.7127,91.6417,2025-08-03,28.71,32.17,1.083,5.02,29.7,1,dataset-3245,OBIS+NOAA_ERDDAP (Offline Mirror)
shrimp,Penaeid Shrimp,Penaeus indicus,9.3782,69.5003,2025-07-14,29.029999999999998,35.760000000000005,0.513,4.5,6.4,1,dataset-5006,OBIS+NOAA_ERDDAP (Offline Mirror)
shrimp,Penaeid Shrimp,Penaeus indicus,19.5662,77.2432,2024-10-23,28.49,36.01,1.625,4.99,6.0,1,dataset-6192,OBIS+NOAA_ERDDAP (Offline Mirror)
shrimp,Penaeid Shrimp,Penaeus indicus,24.374,82.4994,2025-04-16,29.6,32.22,1.1159999999999999,4.65,24.7,1,dataset-2286,OBIS+NOAA_ERDDAP (Offline Mirror)
shrimp,Penaeid Shrimp,Penaeus indicus,17.9918,80.7612,2024-12-17,29.310000000000002,32.61,0.853,4.54,7.3,1,dataset-9922,OBIS+NOAA_ERDDAP (Offline Mirror)
shrimp,Penaeid Shrimp,Penaeus indicus,17.7127,84.258,2025-08-01,28.54,32.43,0.743,4.970000000000001,13.9,1,dataset-1432,OBIS+NOAA_ERDDAP (Offline Mirror)
shrimp,Penaeid Shrimp,Penaeus indicus,16.3517,75.7604,2024-09-12,29.099999999999998,36.06,1.4,4.76,5.1,1,dataset-4423,OBIS+NOAA_ERDDAP (Offline Mirror)
shrimp,Penaeid Shrimp,Penaeus indicus,14.2946,78.8668,2024-12-10,29.31,35.83,0.667,4.46,24.6,1,dataset-2769,OBIS+NOAA_ERDDAP (Offline Mirror)
shrimp,Penaeid Shrimp,Penaeus indicus,8.2202,65.8346,2025-04-06,28.62,35.65,0.397,5.0,28.7,1,dataset-3231,OBIS+NOAA_ERDDAP (Offline Mirror)
shrimp,Penaeid Shrimp,Penaeus indicus,10.169,86.7993,2025-03-29,28.84,33.16,0.7280000000000001,4.8,14.8,1,dataset-9271,OBIS+NOAA_ERDDAP (Offline Mirror)
shrimp,Penaeid Shrimp,Penaeus indicus,10.0714,74.2581,2026-03-15,28.57,35.540000000000006,1.571,4.85,9.3,1,dataset-7738,OBIS+NOAA_ERDDAP (Offline Mirror)
shrimp,Penaeid Shrimp,Penaeus indicus,10.6328,80.6827,2024-08-01,28.8,33.089999999999996,0.668,4.51,16.2,1,dataset-2508,OBIS+NOAA_ERDDAP (Offline Mirror)
shrimp,Penaeid Shrimp,Penaeus indicus,5.9444,70.5979,2024-04-23,28.41,35.47,0.446,4.880000000000001,14.3,1,dataset-4691,OBIS+NOAA_ERDDAP (Offline Mirror)
shrimp,Penaeid Shrimp,Penaeus indicus,7.9801,84.2542,2025-07-17,28.880000000000003,33.31,0.843,4.91,20.1,1,dataset-6169,OBIS+NOAA_ERDDAP (Offline Mirror)
shrimp,Penaeid Shrimp,Penaeus indicus,18.1665,63.5122,2025-01-17,28.919999999999998,36.14,0.865,4.569999999999999,21.5,1,dataset-1493,OBIS+NOAA_ERDDAP (Offline Mirror)
shrimp,Penaeid Shrimp,Penaeus indicus,11.7354,91.9497,2025-08-23,29.65,33.11,0.6739999999999999,4.619999999999999,7.4,1,dataset-9449,OBIS+NOAA_ERDDAP (Offline Mirror)
shrimp,Penaeid Shrimp,Penaeus indicus,17.1397,60.1595,2024-02-27,28.529999999999998,36.2,0.726,5.2,20.2,1,dataset-4089,OBIS+NOAA_ERDDAP (Offline Mirror)
shrimp,Penaeid Shrimp,Penaeus indicus,11.9088,62.9394,2025-01-11,29.470000000000002,35.699999999999996,0.589,4.57,28.0,1,dataset-4431,OBIS+NOAA_ERDDAP (Offline Mirror)
shrimp,Penaeid Shrimp,Penaeus indicus,21.7998,86.6975,2024-12-13,28.61,32.08,0.964,4.8100000000000005,13.1,1,dataset-4749,OBIS+NOAA_ERDDAP (Offline Mirror)
shrimp,Penaeid Shrimp,Penaeus indicus,10.0212,90.4956,2024-08-07,28.64,33.34,0.647,4.8500000000000005,9.5,1,dataset-5966,OBIS+NOAA_ERDDAP (Offline Mirror)
shrimp,Penaeid Shrimp,Penaeus indicus,19.6257,68.9816,2024-10-20,29.259999999999998,36.15,1.6649999999999998,4.4,14.7,1,dataset-9854,OBIS+NOAA_ERDDAP (Offline Mirror)
shrimp,Penaeid Shrimp,Penaeus indicus,24.8234,69.3272,2024-07-19,29.37,36.599999999999994,1.014,4.34,21.4,1,dataset-2505,OBIS+NOAA_ERDDAP (Offline Mirror)
shrimp,Penaeid Shrimp,Penaeus indicus,15.3146,92.6065,2024-09-11,29.16,32.760000000000005,0.769,4.82,5.6,1,dataset-6738,OBIS+NOAA_ERDDAP (Offline Mirror)
shrimp,Penaeid Shrimp,Penaeus indicus,21.2924,69.3528,2024-03-25,28.64,36.23,1.823,5.140000000000001,14.6,1,dataset-5541,OBIS+NOAA_ERDDAP (Offline Mirror)
shrimp,Penaeid Shrimp,Penaeus indicus,10.428,75.319,2025-11-08,28.66,35.64,1.581,4.65,13.9,1,dataset-4342,OBIS+NOAA_ERDDAP (Offline Mirror)
shrimp,Penaeid Shrimp,Penaeus indicus,13.4443,88.5984,2024-05-27,29.59,32.96,0.741,4.55,29.7,1,dataset-1824,OBIS+NOAA_ERDDAP (Offline Mirror)
shrimp,Penaeid Shrimp,Penaeus indicus,17.7003,65.806,2026-05-20,28.54,36.13,1.443,5.12,12.8,1,dataset-4541,OBIS+NOAA_ERDDAP (Offline Mirror)
shrimp,Penaeid Shrimp,Penaeus indicus,13.8542,89.5102,2025-08-19,29.44,32.85,0.665,4.859999999999999,28.6,1,dataset-8193,OBIS+NOAA_ERDDAP (Offline Mirror)
shrimp,Penaeid Shrimp,Penaeus indicus,5.7575,60.375,2025-02-27,28.79,35.54,0.33599999999999997,4.75,8.6,1,dataset-9389,OBIS+NOAA_ERDDAP (Offline Mirror)
shrimp,Penaeid Shrimp,Penaeus indicus,10.1765,91.1303,2025-01-07,29.04,33.26,0.6910000000000001,4.91,26.9,1,dataset-1904,OBIS+NOAA_ERDDAP (Offline Mirror)
shrimp,Penaeid Shrimp,Penaeus indicus,9.1335,73.4846,2024-09-14,28.78,35.769999999999996,0.545,4.609999999999999,6.0,1,dataset-3245,OBIS+NOAA_ERDDAP (Offline Mirror)
shrimp,Penaeid Shrimp,Penaeus indicus,10.5848,65.5361,2024-12-31,29.35,35.839999999999996,1.53,4.69,9.6,1,dataset-2641,OBIS+NOAA_ERDDAP (Offline Mirror)
shrimp,Penaeid Shrimp,Penaeus indicus,22.7555,82.8082,2026-02-07,29.34,32.339999999999996,1.076,4.41,7.8,1,dataset-3344,OBIS+NOAA_ERDDAP (Offline Mirror)
shrimp,Penaeid Shrimp,Penaeus indicus,23.2425,63.9683,2026-03-26,29.189999999999998,36.43,1.02,4.72,5.0,1,dataset-8056,OBIS+NOAA_ERDDAP (Offline Mirror)
shrimp,Penaeid Shrimp,Penaeus indicus,24.3984,67.9043,2026-04-21,29.430000000000003,36.300000000000004,0.948,4.71,7.6,1,dataset-7440,OBIS+NOAA_ERDDAP (Offline Mirror)
shrimp,Penaeid Shrimp,Penaeus indicus,15.1449,67.4892,2024-09-09,28.51,35.980000000000004,1.268,4.8500000000000005,18.9,1,dataset-1001,OBIS+NOAA_ERDDAP (Offline Mirror)
shrimp,Penaeid Shrimp,Penaeus indicus,19.9101,61.625,2026-01-05,28.57,36.24,0.86,4.859999999999999,8.8,1,dataset-8493,OBIS+NOAA_ERDDAP (Offline Mirror)
shrimp,Penaeid Shrimp,Penaeus indicus,11.289,79.2896,2024-09-17,29.09,35.809999999999995,0.597,4.43,29.5,1,dataset-5273,OBIS+NOAA_ERDDAP (Offline Mirror)
shrimp,Penaeid Shrimp,Penaeus indicus,24.3027,65.1941,2024-12-14,29.090000000000003,36.36,0.9259999999999999,4.99,13.4,1,dataset-9295,OBIS+NOAA_ERDDAP (Offline Mirror)
shrimp,Penaeid Shrimp,Penaeus indicus,21.0853,61.2281,2026-04-20,28.69,36.31,0.837,4.93,16.7,1,dataset-3118,OBIS+NOAA_ERDDAP (Offline Mirror)
shrimp,Penaeid Shrimp,Penaeus indicus,5.6135,91.2337,2026-08-02,28.15,33.559999999999995,0.843,4.890000000000001,29.1,1,dataset-4043,OBIS+NOAA_ERDDAP (Offline Mirror)
shrimp,Penaeid Shrimp,Penaeus indicus,6.8138,77.8637,2026-07-07,28.64,35.61,0.455,5.03,14.9,1,dataset-6795,OBIS+NOAA_ERDDAP (Offline Mirror)
shrimp,Penaeid Shrimp,Penaeus indicus,19.1977,78.6623,2024-05-30,28.74,36.169999999999995,0.835,4.91,14.9,1,dataset-9645,OBIS+NOAA_ERDDAP (Offline Mirror)
shrimp,Penaeid Shrimp,Penaeus indicus,19.2816,85.7194,2025-10-04,28.830000000000002,32.27,0.893,4.63,8.3,1,dataset-8017,OBIS+NOAA_ERDDAP (Offline Mirror)
shrimp,Penaeid Shrimp,Penaeus indicus,19.2647,90.0144,2024-07-10,28.89,32.660000000000004,0.857,4.74,22.4,1,dataset-5508,OBIS+NOAA_ERDDAP (Offline Mirror)
shrimp,Penaeid Shrimp,Penaeus indicus,22.4115,73.4743,2024-08-07,29.28,36.38,0.8540000000000001,4.8999999999999995,23.1,1,dataset-5911,OBIS+NOAA_ERDDAP (Offline Mirror)
shrimp,Penaeid Shrimp,Penaeus indicus,17.0254,65.8265,2025-04-01,28.92,35.97,1.385,4.829999999999999,17.5,1,dataset-1636,OBIS+NOAA_ERDDAP (Offline Mirror)
shrimp,Penaeid Shrimp,Penaeus indicus,19.3855,62.9472,2026-07-01,28.680000000000003,36.31,0.843,4.59,26.7,1,dataset-4858,OBIS+NOAA_ERDDAP (Offline Mirror)
shrimp,Penaeid Shrimp,Penaeus indicus,9.4942,83.1358,2025-05-23,28.76,33.330000000000005,0.6759999999999999,4.75,27.1,1,dataset-2666,OBIS+NOAA_ERDDAP (Offline Mirror)
shrimp,Penaeid Shrimp,Penaeus indicus,24.6665,80.7059,2024-12-22,29.43,31.89,1.125,4.87,25.9,1,dataset-7507,OBIS+NOAA_ERDDAP (Offline Mirror)
shrimp,Penaeid Shrimp,Penaeus indicus,20.2208,84.2396,2023-12-27,28.64,32.42,0.915,4.57,22.6,1,dataset-7381,OBIS+NOAA_ERDDAP (Offline Mirror)
shrimp,Penaeid Shrimp,Penaeus indicus,24.2362,83.6761,2024-04-06,28.87,32.150000000000006,1.035,5.0,6.0,1,dataset-5330,OBIS+NOAA_ERDDAP (Offline Mirror)
shrimp,Penaeid Shrimp,Penaeus indicus,6.8539,63.785,2025-05-19,28.66,35.53,0.46,5.0,18.3,1,dataset-4567,OBIS+NOAA_ERDDAP (Offline Mirror)
shrimp,Penaeid Shrimp,Penaeus indicus,13.5292,71.5255,2023-11-30,29.79,35.86,1.319,4.279999999999999,8.7,1,dataset-1500,OBIS+NOAA_ERDDAP (Offline Mirror)
shrimp,Penaeid Shrimp,Penaeus indicus,15.2937,69.6617,2025-06-14,28.98,35.92,1.3099999999999998,4.76,18.9,1,dataset-7607,OBIS+NOAA_ERDDAP (Offline Mirror)
shrimp,Penaeid Shrimp,Penaeus indicus,14.41,92.9455,2024-08-07,29.09,33.04,0.7649999999999999,4.4399999999999995,13.3,1,dataset-8245,OBIS+NOAA_ERDDAP (Offline Mirror)
shrimp,Penaeid Shrimp,Penaeus indicus,7.2406,66.6462,2024-01-10,28.2,35.480000000000004,0.47900000000000004,4.84,12.1,1,dataset-9812,OBIS+NOAA_ERDDAP (Offline Mirror)
shrimp,Penaeid Shrimp,Penaeus indicus,10.0061,76.8834,2026-01-28,28.869999999999997,35.52,1.562,4.930000000000001,29.6,1,dataset-4032,OBIS+NOAA_ERDDAP (Offline Mirror)
shrimp,Penaeid Shrimp,Penaeus indicus,23.2415,81.401,2024-09-08,29.24,32.01,1.085,4.37,23.2,1,dataset-4297,OBIS+NOAA_ERDDAP (Offline Mirror)
shrimp,Penaeid Shrimp,Penaeus indicus,20.7632,93.26,2025-01-04,28.549999999999997,32.36000000000001,0.9179999999999999,4.77,21.0,1,dataset-1717,OBIS+NOAA_ERDDAP (Offline Mirror)
shrimp,Penaeid Shrimp,Penaeus indicus,24.128,60.637,2025-11-04,29.65,36.54,1.025,4.489999999999999,15.2,1,dataset-3148,OBIS+NOAA_ERDDAP (Offline Mirror)
shrimp,Penaeid Shrimp,Penaeus indicus,16.788,61.3687,2025-01-01,28.71,35.96,0.776,4.77,13.0,1,dataset-9259,OBIS+NOAA_ERDDAP (Offline Mirror)
shrimp,Penaeid Shrimp,Penaeus indicus,21.8148,79.6365,2025-04-12,28.79,36.449999999999996,0.977,4.88,12.2,1,dataset-6777,OBIS+NOAA_ERDDAP (Offline Mirror)
shrimp,Penaeid Shrimp,Penaeus indicus,8.0426,88.4932,2025-03-12,28.270000000000003,33.35,0.782,5.12,11.2,1,dataset-2593,OBIS+NOAA_ERDDAP (Offline Mirror)
shrimp,Penaeid Shrimp,Penaeus indicus,23.2128,64.9934,2024-09-15,29.54,36.42,0.94,4.85,14.6,1,dataset-3739,OBIS+NOAA_ERDDAP (Offline Mirror)
shrimp,Penaeid Shrimp,Penaeus indicus,22.0992,61.7115,2025-06-06,28.91,36.269999999999996,0.889,5.05,15.9,1,dataset-8031,OBIS+NOAA_ERDDAP (Offline Mirror)
shrimp,Penaeid Shrimp,Penaeus indicus,11.3899,73.8783,2025-11-22,29.479999999999997,35.61000000000001,1.32,4.67,29.8,1,dataset-7923,OBIS+NOAA_ERDDAP (Offline Mirror)
shrimp,Penaeid Shrimp,Penaeus indicus,21.1383,88.7635,2025-11-21,29.5,32.46,0.952,4.78,6.8,1,dataset-8381,OBIS+NOAA_ERDDAP (Offline Mirror)
shrimp,Penaeid Shrimp,Penaeus indicus,9.1962,80.423,2025-10-03,28.619999999999997,33.129999999999995,0.7969999999999999,4.93,26.6,1,dataset-6243,OBIS+NOAA_ERDDAP (Offline Mirror)
shrimp,Penaeid Shrimp,Penaeus indicus,15.1336,64.5787,2024-10-10,28.310000000000002,35.980000000000004,0.623,4.7299999999999995,19.9,1,dataset-6606,OBIS+NOAA_ERDDAP (Offline Mirror)
shrimp,Penaeid Shrimp,Penaeus indicus,24.4926,74.0281,2026-01-21,29.610000000000003,36.410000000000004,0.982,4.7700000000000005,27.7,1,dataset-7199,OBIS+NOAA_ERDDAP (Offline Mirror)
shrimp,Penaeid Shrimp,Penaeus indicus,14.4747,91.6257,2025-03-20,29.11,32.67,0.7919999999999999,4.930000000000001,7.9,1,dataset-9856,OBIS+NOAA_ERDDAP (Offline Mirror)
shrimp,Penaeid Shrimp,Penaeus indicus,10.7165,78.2368,2024-04-19,28.610000000000003,35.67,0.5149999999999999,4.83,26.8,1,dataset-7359,OBIS+NOAA_ERDDAP (Offline Mirror)
shrimp,Penaeid Shrimp,Penaeus indicus,18.8515,70.2266,2025-09-19,28.61,35.99,1.651,4.87,23.5,1,dataset-2266,OBIS+NOAA_ERDDAP (Offline Mirror)
shrimp,Penaeid Shrimp,Penaeus indicus,5.8266,68.1654,2024-03-02,27.99,35.43,0.32999999999999996,5.17,13.2,1,dataset-2796,OBIS+NOAA_ERDDAP (Offline Mirror)
shrimp,Penaeid Shrimp,Penaeus indicus,6.2497,89.7465,2026-08-17,28.03,33.66,0.825,5.28,24.0,1,dataset-5776,OBIS+NOAA_ERDDAP (Offline Mirror)
shrimp,Penaeid Shrimp,Penaeus indicus,23.7497,82.1839,2025-05-08,29.52,32.15,1.0410000000000001,4.67,6.2,1,dataset-5073,OBIS+NOAA_ERDDAP (Offline Mirror)
shrimp,Penaeid Shrimp,Penaeus indicus,7.2682,72.7329,2025-02-14,28.37,35.47,0.405,4.65,29.0,1,dataset-2767,OBIS+NOAA_ERDDAP (Offline Mirror)
shrimp,Penaeid Shrimp,Penaeus indicus,23.9241,91.5043,2024-01-22,29.049999999999997,32.150000000000006,1.062,4.819999999999999,25.3,1,dataset-4656,OBIS+NOAA_ERDDAP (Offline Mirror)
shrimp,Penaeid Shrimp,Penaeus indicus,18.9059,87.9245,2025-08-17,28.709999999999997,32.64,0.9,4.609999999999999,21.0,1,dataset-7101,OBIS+NOAA_ERDDAP (Offline Mirror)
shrimp,Penaeid Shrimp,Penaeus indicus,9.8594,69.3619,2024-11-24,29.279999999999998,35.669999999999995,0.542,4.75,10.9,1,dataset-7499,OBIS+NOAA_ERDDAP (Offline Mirror)
shrimp,Penaeid Shrimp,Penaeus indicus,8.5711,92.7246,2024-04-15,28.49,33.330000000000005,0.748,4.62,23.5,1,dataset-7310,OBIS+NOAA_ERDDAP (Offline Mirror)
shrimp,Penaeid Shrimp,Penaeus indicus,10.9953,72.0459,2024-01-29,28.95,35.74,1.376,4.7299999999999995,23.6,1,dataset-9917,OBIS+NOAA_ERDDAP (Offline Mirror)
shrimp,Penaeid Shrimp,Penaeus indicus,5.9693,81.4892,2025-11-20,28.889999999999997,33.42,0.7979999999999999,4.720000000000001,15.1,1,dataset-2171,OBIS+NOAA_ERDDAP (Offline Mirror)
shrimp,Penaeid Shrimp,Penaeus indicus,20.8441,66.8311,2024-09-04,29.16,36.11,1.75,4.640000000000001,9.3,1,dataset-5688,OBIS+NOAA_ERDDAP (Offline Mirror)
shrimp,Penaeid Shrimp,Penaeus indicus,8.6465,87.2632,2025-10-13,29.15,33.25,0.695,4.61,7.5,1,dataset-2934,OBIS+NOAA_ERDDAP (Offline Mirror)
shrimp,Penaeid Shrimp,Penaeus indicus,11.3231,84.3575,2025-01-17,28.72,33.260000000000005,0.569,5.1,9.1,1,dataset-9545,OBIS+NOAA_ERDDAP (Offline Mirror)
shrimp,Penaeid Shrimp,Penaeus indicus,8.104,84.2002,2025-09-04,28.4,33.5,0.81,5.2,16.6,1,dataset-5098,OBIS+NOAA_ERDDAP (Offline Mirror)
shrimp,Penaeid Shrimp,Penaeus indicus,20.351,66.2941,2025-02-16,29.04,36.37,1.679,4.61,5.8,1,dataset-9858,OBIS+NOAA_ERDDAP (Offline Mirror)
shrimp,Penaeid Shrimp,Penaeus indicus,18.8435,64.0486,2025-03-25,28.46,35.97,0.8989999999999999,4.95,26.0,1,dataset-2054,OBIS+NOAA_ERDDAP (Offline Mirror)
shrimp,Penaeid Shrimp,Penaeus indicus,14.6213,84.7174,2025-09-29,29.75,32.73,0.61,4.19,12.5,1,dataset-2406,OBIS+NOAA_ERDDAP (Offline Mirror)
shrimp,Penaeid Shrimp,Penaeus indicus,22.2471,69.4692,2026-04-29,28.58,36.370000000000005,0.87,4.93,20.1,1,dataset-8844,OBIS+NOAA_ERDDAP (Offline Mirror)
shrimp,Penaeid Shrimp,Penaeus indicus,16.0492,86.9563,2024-08-29,29.01,32.68,0.777,4.87,20.0,1,dataset-1560,OBIS+NOAA_ERDDAP (Offline Mirror)
shrimp,Penaeid Shrimp,Penaeus indicus,21.9123,77.7538,2026-06-18,29.04,36.4,1.782,4.49,15.4,1,dataset-3290,OBIS+NOAA_ERDDAP (Offline Mirror)
shrimp,Penaeid Shrimp,Penaeus indicus,19.7551,83.4375,2024-11-01,29.14,32.54,0.873,4.54,21.0,1,dataset-4221,OBIS+NOAA_ERDDAP (Offline Mirror)
shrimp,Penaeid Shrimp,Penaeus indicus,13.5728,83.3489,2025-10-18,29.29,32.949999999999996,0.7050000000000001,4.52,22.1,1,dataset-5772,OBIS+NOAA_ERDDAP (Offline Mirror)
shrimp,Penaeid Shrimp,Penaeus indicus,10.3172,61.0311,2025-04-23,28.86,35.62,0.531,4.73,15.1,1,dataset-3138,OBIS+NOAA_ERDDAP (Offline Mirror)
shrimp,Penaeid Shrimp,Penaeus indicus,14.4578,81.89,2025-04-01,29.22,32.89,0.729,4.41,29.4,1,dataset-1016,OBIS+NOAA_ERDDAP (Offline Mirror)
shrimp,Penaeid Shrimp,Penaeus indicus,9.2615,72.809,2026-06-08,28.35,35.849999999999994,0.602,5.11,13.5,1,dataset-8718,OBIS+NOAA_ERDDAP (Offline Mirror)
shrimp,Penaeid Shrimp,Penaeus indicus,10.1855,62.1451,2024-01-14,29.23,35.53,0.549,4.86,20.6,1,dataset-4690,OBIS+NOAA_ERDDAP (Offline Mirror)
shrimp,Penaeid Shrimp,Penaeus indicus,15.3466,75.8437,2024-06-01,29.02,35.86,1.266,4.970000000000001,13.7,1,dataset-3738,OBIS+NOAA_ERDDAP (Offline Mirror)
shrimp,Penaeid Shrimp,Penaeus indicus,24.1936,77.6227,2024-11-22,28.91,36.379999999999995,1.001,4.7299999999999995,29.4,1,dataset-7887,OBIS+NOAA_ERDDAP (Offline Mirror)
shrimp,Penaeid Shrimp,Penaeus indicus,8.3357,87.3997,2025-11-07,28.68,33.15,0.826,4.84,7.6,1,dataset-4201,OBIS+NOAA_ERDDAP (Offline Mirror)
shrimp,Penaeid Shrimp,Penaeus indicus,20.9811,67.6019,2025-08-05,29.26,36.2,1.777,4.45,12.1,1,dataset-7362,OBIS+NOAA_ERDDAP (Offline Mirror)
shrimp,Penaeid Shrimp,Penaeus indicus,15.6612,74.2741,2024-07-10,28.240000000000002,35.989999999999995,1.279,5.13,15.0,1,dataset-7438,OBIS+NOAA_ERDDAP (Offline Mirror)
shrimp,Penaeid Shrimp,Penaeus indicus,12.6104,60.6972,2025-05-17,28.97,35.78,0.546,4.72,23.3,1,dataset-5805,OBIS+NOAA_ERDDAP (Offline Mirror)
shrimp,Penaeid Shrimp,Penaeus indicus,16.5433,61.5972,2024-03-28,28.68,36.19,0.651,4.699999999999999,20.7,1,dataset-1517,OBIS+NOAA_ERDDAP (Offline Mirror)
shrimp,Penaeid Shrimp,Penaeus indicus,7.4565,80.1619,2025-10-24,29.03,33.28,0.741,4.57,9.3,1,dataset-5762,OBIS+NOAA_ERDDAP (Offline Mirror)
shrimp,Penaeid Shrimp,Penaeus indicus,19.4083,76.2733,2026-07-11,29.05,35.97,1.654,4.56,11.5,1,dataset-5229,OBIS+NOAA_ERDDAP (Offline Mirror)
shrimp,Penaeid Shrimp,Penaeus indicus,6.1119,62.5547,2024-07-09,28.82,35.36,0.522,4.51,9.5,1,dataset-1519,OBIS+NOAA_ERDDAP (Offline Mirror)
shrimp,Penaeid Shrimp,Penaeus indicus,5.697,60.9174,2025-09-20,28.71,35.419999999999995,0.38,4.88,25.2,1,dataset-8467,OBIS+NOAA_ERDDAP (Offline Mirror)
shrimp,Penaeid Shrimp,Penaeus indicus,6.0066,86.9309,2024-09-19,28.07,33.6,0.757,5.27,24.7,1,dataset-9039,OBIS+NOAA_ERDDAP (Offline Mirror)
shrimp,Penaeid Shrimp,Penaeus indicus,20.5089,84.4566,2026-02-19,29.400000000000002,32.21,0.995,4.81,27.0,1,dataset-2092,OBIS+NOAA_ERDDAP (Offline Mirror)
shrimp,Penaeid Shrimp,Penaeus indicus,19.629,84.8732,2026-05-06,29.08,32.6,0.936,4.62,26.2,1,dataset-4512,OBIS+NOAA_ERDDAP (Offline Mirror)
shrimp,Penaeid Shrimp,Penaeus indicus,12.8306,80.6161,2025-06-07,29.36,32.879999999999995,0.597,4.87,15.3,1,dataset-7468,OBIS+NOAA_ERDDAP (Offline Mirror)
shrimp,Penaeid Shrimp,Penaeus indicus,7.7776,71.5021,2025-04-10,28.4,35.52,0.583,5.1000000000000005,15.7,1,dataset-8911,OBIS+NOAA_ERDDAP (Offline Mirror)
shrimp,Penaeid Shrimp,Penaeus indicus,9.097,94.9697,2025-03-28,28.34,33.220000000000006,0.689,5.11,5.0,1,dataset-8013,OBIS+NOAA_ERDDAP (Offline Mirror)
shrimp,Penaeid Shrimp,Penaeus indicus,13.8792,86.5736,2025-08-18,29.560000000000002,32.85,0.5990000000000001,4.54,8.3,1,dataset-9565,OBIS+NOAA_ERDDAP (Offline Mirror)
shrimp,Penaeid Shrimp,Penaeus indicus,5.2668,85.3446,2025-02-25,28.5,33.61,0.781,4.69,21.0,1,dataset-7642,OBIS+NOAA_ERDDAP (Offline Mirror)
shrimp,Penaeid Shrimp,Penaeus indicus,8.6563,68.2816,2024-03-05,29.130000000000003,35.74,0.5780000000000001,4.890000000000001,29.5,1,dataset-9498,OBIS+NOAA_ERDDAP (Offline Mirror)
shrimp,Penaeid Shrimp,Penaeus indicus,24.1728,74.5624,2026-06-20,29.62,36.43,1.01,4.79,14.7,1,dataset-5668,OBIS+NOAA_ERDDAP (Offline Mirror)
shrimp,Penaeid Shrimp,Penaeus indicus,9.1432,84.7032,2025-10-14,28.73,33.410000000000004,0.6619999999999999,4.98,29.9,1,dataset-2953,OBIS+NOAA_ERDDAP (Offline Mirror)
shrimp,Penaeid Shrimp,Penaeus indicus,21.1603,93.1765,2024-10-10,28.82,32.28,0.961,4.6,11.1,1,dataset-2208,OBIS+NOAA_ERDDAP (Offline Mirror)
shrimp,Penaeid Shrimp,Penaeus indicus,8.6684,61.2771,2025-10-29,28.790000000000003,35.470000000000006,0.464,4.869999999999999,28.3,1,dataset-5371,OBIS+NOAA_ERDDAP (Offline Mirror)
shrimp,Penaeid Shrimp,Penaeus indicus,14.3795,77.5063,2025-08-17,29.46,35.89,1.258,4.29,21.1,1,dataset-2014,OBIS+NOAA_ERDDAP (Offline Mirror)
shrimp,Penaeid Shrimp,Penaeus indicus,12.0677,68.6356,2025-10-08,29.7,35.809999999999995,1.3699999999999999,4.27,10.4,1,dataset-1074,OBIS+NOAA_ERDDAP (Offline Mirror)
shrimp,Penaeid Shrimp,Penaeus indicus,21.9139,63.636,2025-01-19,28.66,36.279999999999994,1.004,4.61,12.3,1,dataset-8295,OBIS+NOAA_ERDDAP (Offline Mirror)
shrimp,Penaeid Shrimp,Penaeus indicus,5.9641,78.1176,2025-02-20,28.86,35.65,0.383,4.87,6.2,1,dataset-8838,OBIS+NOAA_ERDDAP (Offline Mirror)
shrimp,Penaeid Shrimp,Penaeus indicus,8.8972,73.4962,2024-10-30,28.41,35.5,0.512,5.140000000000001,6.6,1,dataset-2550,OBIS+NOAA_ERDDAP (Offline Mirror)
shrimp,Penaeid Shrimp,Penaeus indicus,7.6228,92.8035,2026-01-02,28.68,33.27,0.764,4.68,19.8,1,dataset-9785,OBIS+NOAA_ERDDAP (Offline Mirror)
shrimp,Penaeid Shrimp,Penaeus indicus,13.4429,69.8056,2023-12-01,28.92,35.75,1.187,4.8999999999999995,5.1,1,dataset-1687,OBIS+NOAA_ERDDAP (Offline Mirror)
shrimp,Penaeid Shrimp,Penaeus indicus,18.4508,70.9275,2024-11-24,28.560000000000002,35.919999999999995,1.496,4.71,28.9,1,dataset-1144,OBIS+NOAA_ERDDAP (Offline Mirror)
shrimp,Penaeid Shrimp,Penaeus indicus,16.6984,88.4543,2024-12-31,28.51,32.73,0.766,5.16,8.5,1,dataset-4364,OBIS+NOAA_ERDDAP (Offline Mirror)
shrimp,Penaeid Shrimp,Penaeus indicus,11.1722,80.2529,2026-03-13,29.55,33.06,0.61,4.6899999999999995,12.7,1,dataset-3071,OBIS+NOAA_ERDDAP (Offline Mirror)
shrimp,Penaeid Shrimp,Penaeus indicus,17.5112,72.1877,2025-05-21,28.36,35.91,1.5570000000000002,5.18,14.1,1,dataset-1239,OBIS+NOAA_ERDDAP (Offline Mirror)
shrimp,Penaeid Shrimp,Penaeus indicus,21.8522,74.413,2026-05-31,29.0,36.26,1.772,4.75,8.7,1,dataset-9095,OBIS+NOAA_ERDDAP (Offline Mirror)
shrimp,Penaeid Shrimp,Penaeus indicus,23.4123,85.7351,2024-02-07,29.130000000000003,32.03,1.1560000000000001,4.48,28.2,1,dataset-9024,OBIS+NOAA_ERDDAP (Offline Mirror)
shrimp,Penaeid Shrimp,Penaeus indicus,13.2292,73.0305,2025-08-07,29.09,35.74,1.284,4.53,7.6,1,dataset-3723,OBIS+NOAA_ERDDAP (Offline Mirror)
shrimp,Penaeid Shrimp,Penaeus indicus,16.1708,66.3476,2025-12-29,28.630000000000003,36.03,1.3760000000000001,4.7700000000000005,5.2,1,dataset-3174,OBIS+NOAA_ERDDAP (Offline Mirror)
shrimp,Penaeid Shrimp,Penaeus indicus,11.2148,94.3581,2024-02-08,28.810000000000002,33.2,0.6950000000000001,4.67,28.6,1,dataset-4065,OBIS+NOAA_ERDDAP (Offline Mirror)
shrimp,Penaeid Shrimp,Penaeus indicus,9.7796,65.1004,2024-09-25,28.51,35.72,0.6020000000000001,5.15,8.0,1,dataset-6281,OBIS+NOAA_ERDDAP (Offline Mirror)
hilsa,Hilsa,Tenualosa ilisha,9.6981,87.7461,2024-02-20,28.99,33.269999999999996,0.744,4.86,25.9,1,dataset-9075,OBIS+NOAA_ERDDAP (Offline Mirror)
hilsa,Hilsa,Tenualosa ilisha,24.5264,60.3465,2026-07-08,29.13,36.339999999999996,0.888,4.72,21.8,1,dataset-4059,OBIS+NOAA_ERDDAP (Offline Mirror)
hilsa,Hilsa,Tenualosa ilisha,22.2293,71.4153,2024-11-22,28.93,36.13,0.998,4.6,25.2,1,dataset-1729,OBIS+NOAA_ERDDAP (Offline Mirror)
hilsa,Hilsa,Tenualosa ilisha,12.4321,65.2191,2026-07-28,29.52,35.79,1.294,4.63,48.9,1,dataset-5830,OBIS+NOAA_ERDDAP (Offline Mirror)
hilsa,Hilsa,Tenualosa ilisha,11.8507,75.7728,2025-03-18,29.060000000000002,35.81,1.451,4.46,19.8,1,dataset-6595,OBIS+NOAA_ERDDAP (Offline Mirror)
hilsa,Hilsa,Tenualosa ilisha,14.9007,66.711,2024-05-29,29.41,35.980000000000004,1.2690000000000001,4.68,39.5,1,dataset-9062,OBIS+NOAA_ERDDAP (Offline Mirror)
hilsa,Hilsa,Tenualosa ilisha,5.6582,63.354,2024-08-15,28.64,35.43,0.443,5.0600000000000005,37.5,1,dataset-9881,OBIS+NOAA_ERDDAP (Offline Mirror)
hilsa,Hilsa,Tenualosa ilisha,16.7169,91.4579,2026-01-22,28.669999999999998,32.589999999999996,0.784,4.9799999999999995,7.5,1,dataset-2938,OBIS+NOAA_ERDDAP (Offline Mirror)
hilsa,Hilsa,Tenualosa ilisha,22.8669,67.5068,2025-02-08,29.43,36.31,0.8620000000000001,4.68,8.1,1,dataset-1631,OBIS+NOAA_ERDDAP (Offline Mirror)
hilsa,Hilsa,Tenualosa ilisha,9.5493,70.4487,2025-05-15,28.96,35.57,0.603,4.85,46.7,1,dataset-2122,OBIS+NOAA_ERDDAP (Offline Mirror)
hilsa,Hilsa,Tenualosa ilisha,12.9598,88.8338,2025-06-17,29.580000000000002,33.02,0.5780000000000001,4.63,15.8,1,dataset-2216,OBIS+NOAA_ERDDAP (Offline Mirror)
hilsa,Hilsa,Tenualosa ilisha,11.3906,79.0024,2026-05-01,29.349999999999998,35.660000000000004,0.532,4.59,36.4,1,dataset-2294,OBIS+NOAA_ERDDAP (Offline Mirror)
hilsa,Hilsa,Tenualosa ilisha,10.595,75.1288,2024-07-17,28.89,35.86,1.516,4.58,33.2,1,dataset-9858,OBIS+NOAA_ERDDAP (Offline Mirror)
hilsa,Hilsa,Tenualosa ilisha,6.1957,70.0875,2024-07-19,27.930000000000003,35.489999999999995,0.453,5.1499999999999995,28.5,1,dataset-8621,OBIS+NOAA_ERDDAP (Offline Mirror)
hilsa,Hilsa,Tenualosa ilisha,22.8791,84.068,2024-11-29,29.36,32.18,0.942,4.42,26.3,1,dataset-6343,OBIS+NOAA_ERDDAP (Offline Mirror)
hilsa,Hilsa,Tenualosa ilisha,18.3548,81.8126,2024-07-04,28.650000000000002,32.54,0.7929999999999999,5.010000000000001,35.7,1,dataset-4291,OBIS+NOAA_ERDDAP (Offline Mirror)
hilsa,Hilsa,Tenualosa ilisha,16.5314,68.4972,2025-03-08,28.85,36.22,1.3860000000000001,5.0600000000000005,39.4,1,dataset-6770,OBIS+NOAA_ERDDAP (Offline Mirror)
hilsa,Hilsa,Tenualosa ilisha,21.1218,82.3784,2025-11-26,29.37,32.18,1.036,4.66,14.4,1,dataset-5520,OBIS+NOAA_ERDDAP (Offline Mirror)
hilsa,Hilsa,Tenualosa ilisha,14.9483,82.0077,2026-01-28,29.1,32.849999999999994,0.746,4.8,20.4,1,dataset-2150,OBIS+NOAA_ERDDAP (Offline Mirror)
hilsa,Hilsa,Tenualosa ilisha,24.9625,79.8768,2025-10-30,28.82,36.57,0.917,5.02,18.3,1,dataset-5042,OBIS+NOAA_ERDDAP (Offline Mirror)
hilsa,Hilsa,Tenualosa ilisha,18.1696,89.6286,2025-04-18,28.96,32.57,0.852,4.9,6.7,1,dataset-6634,OBIS+NOAA_ERDDAP (Offline Mirror)
hilsa,Hilsa,Tenualosa ilisha,16.3315,64.2222,2025-03-22,28.48,36.09,0.737,5.09,30.2,1,dataset-1066,OBIS+NOAA_ERDDAP (Offline Mirror)
hilsa,Hilsa,Tenualosa ilisha,17.8157,93.8017,2025-04-29,29.02,32.45,0.9139999999999999,4.550000000000001,12.9,1,dataset-2793,OBIS+NOAA_ERDDAP (Offline Mirror)
hilsa,Hilsa,Tenualosa ilisha,20.4685,62.0794,2024-07-12,28.869999999999997,36.37,0.813,4.83,35.1,1,dataset-9138,OBIS+NOAA_ERDDAP (Offline Mirror)
hilsa,Hilsa,Tenualosa ilisha,16.3442,73.3229,2024-08-03,28.419999999999998,36.050000000000004,1.3079999999999998,5.11,44.1,1,dataset-5631,OBIS+NOAA_ERDDAP (Offline Mirror)
hilsa,Hilsa,Tenualosa ilisha,14.4915,68.7461,2026-05-03,28.979999999999997,36.06,1.334,4.58,31.3,1,dataset-7108,OBIS+NOAA_ERDDAP (Offline Mirror)
hilsa,Hilsa,Tenualosa ilisha,23.0253,88.3735,2024-12-26,28.91,32.13999999999999,1.008,4.819999999999999,31.5,1,dataset-1049,OBIS+NOAA_ERDDAP (Offline Mirror)
hilsa,Hilsa,Tenualosa ilisha,8.5385,75.2651,2025-01-30,28.31,35.75,0.554,5.0,13.0,1,dataset-6650,OBIS+NOAA_ERDDAP (Offline Mirror)
hilsa,Hilsa,Tenualosa ilisha,14.562,80.5173,2025-09-20,29.58,32.71,0.709,4.35,28.5,1,dataset-9710,OBIS+NOAA_ERDDAP (Offline Mirror)
hilsa,Hilsa,Tenualosa ilisha,15.2714,89.4104,2025-07-16,29.11,32.95,0.792,4.8500000000000005,6.3,1,dataset-1927,OBIS+NOAA_ERDDAP (Offline Mirror)
hilsa,Hilsa,Tenualosa ilisha,11.2464,73.1737,2024-04-20,28.89,35.83,1.377,4.930000000000001,39.8,1,dataset-4286,OBIS+NOAA_ERDDAP (Offline Mirror)
hilsa,Hilsa,Tenualosa ilisha,12.0825,83.6459,2024-03-08,29.69,32.980000000000004,0.641,4.63,26.7,1,dataset-6987,OBIS+NOAA_ERDDAP (Offline Mirror)
hilsa,Hilsa,Tenualosa ilisha,10.2052,74.0432,2024-11-04,28.88,35.64,1.457,4.49,29.2,1,dataset-4046,OBIS+NOAA_ERDDAP (Offline Mirror)
hilsa,Hilsa,Tenualosa ilisha,12.2959,84.7699,2024-02-20,28.759999999999998,32.85,0.572,5.08,47.1,1,dataset-1801,OBIS+NOAA_ERDDAP (Offline Mirror)
hilsa,Hilsa,Tenualosa ilisha,18.297,74.7024,2025-12-16,29.34,36.19,1.499,4.48,12.4,1,dataset-5288,OBIS+NOAA_ERDDAP (Offline Mirror)
hilsa,Hilsa,Tenualosa ilisha,12.8383,74.3162,2025-05-20,29.5,35.99,1.3479999999999999,4.86,23.5,1,dataset-9052,OBIS+NOAA_ERDDAP (Offline Mirror)
hilsa,Hilsa,Tenualosa ilisha,23.5949,68.1311,2026-01-30,28.869999999999997,36.49,0.863,4.83,31.0,1,dataset-3574,OBIS+NOAA_ERDDAP (Offline Mirror)
hilsa,Hilsa,Tenualosa ilisha,10.1786,80.6483,2025-11-05,29.0,33.18,0.5930000000000001,4.88,41.8,1,dataset-2974,OBIS+NOAA_ERDDAP (Offline Mirror)
hilsa,Hilsa,Tenualosa ilisha,9.0583,60.5154,2026-08-06,28.490000000000002,35.839999999999996,0.47300000000000003,5.08,14.5,1,dataset-2062,OBIS+NOAA_ERDDAP (Offline Mirror)
hilsa,Hilsa,Tenualosa ilisha,14.9664,92.7513,2024-02-24,29.07,32.769999999999996,0.8049999999999999,4.47,14.9,1,dataset-9378,OBIS+NOAA_ERDDAP (Offline Mirror)
hilsa,Hilsa,Tenualosa ilisha,23.8362,75.0724,2025-04-03,29.39,36.19,0.997,4.5,32.5,1,dataset-5934,OBIS+NOAA_ERDDAP (Offline Mirror)
hilsa,Hilsa,Tenualosa ilisha,12.6771,74.2766,2026-04-25,29.37,35.68,1.397,4.390000000000001,14.6,1,dataset-1495,OBIS+NOAA_ERDDAP (Offline Mirror)
hilsa,Hilsa,Tenualosa ilisha,18.7986,85.7751,2025-12-02,29.17,32.56,0.823,4.55,25.9,1,dataset-4062,OBIS+NOAA_ERDDAP (Offline Mirror)
hilsa,Hilsa,Tenualosa ilisha,10.7962,93.5537,2025-08-16,28.66,33.12,0.562,4.6000000000000005,7.4,1,dataset-1683,OBIS+NOAA_ERDDAP (Offline Mirror)
hilsa,Hilsa,Tenualosa ilisha,8.6887,80.4499,2025-05-26,28.270000000000003,33.199999999999996,0.832,5.140000000000001,42.2,1,dataset-3538,OBIS+NOAA_ERDDAP (Offline Mirror)
hilsa,Hilsa,Tenualosa ilisha,14.8082,87.1099,2026-03-01,29.380000000000003,32.73,0.614,4.32,14.4,1,dataset-6734,OBIS+NOAA_ERDDAP (Offline Mirror)
hilsa,Hilsa,Tenualosa ilisha,13.6261,62.3214,2025-10-25,29.139999999999997,35.77,0.675,4.62,33.7,1,dataset-3040,OBIS+NOAA_ERDDAP (Offline Mirror)
hilsa,Hilsa,Tenualosa ilisha,20.8195,78.943,2024-05-26,28.959999999999997,36.120000000000005,0.806,4.9,14.0,1,dataset-6635,OBIS+NOAA_ERDDAP (Offline Mirror)
hilsa,Hilsa,Tenualosa ilisha,22.0982,84.9837,2026-05-02,29.02,32.29,0.964,4.7700000000000005,14.1,1,dataset-4939,OBIS+NOAA_ERDDAP (Offline Mirror)
hilsa,Hilsa,Tenualosa ilisha,16.8216,62.9877,2026-08-14,28.46,35.87,0.803,5.22,7.3,1,dataset-1872,OBIS+NOAA_ERDDAP (Offline Mirror)
hilsa,Hilsa,Tenualosa ilisha,5.0899,65.0767,2026-03-18,27.95,35.540000000000006,0.48700000000000004,5.18,29.1,1,dataset-4530,OBIS+NOAA_ERDDAP (Offline Mirror)
hilsa,Hilsa,Tenualosa ilisha,5.0355,67.7637,2025-08-31,28.63,35.59,0.319,4.95,20.8,1,dataset-7982,OBIS+NOAA_ERDDAP (Offline Mirror)
hilsa,Hilsa,Tenualosa ilisha,6.8964,70.3375,2023-12-17,28.68,35.6,0.539,4.77,30.8,1,dataset-6248,OBIS+NOAA_ERDDAP (Offline Mirror)
hilsa,Hilsa,Tenualosa ilisha,7.6224,68.5992,2024-05-14,28.43,35.58,0.488,4.64,11.2,1,dataset-8729,OBIS+NOAA_ERDDAP (Offline Mirror)
hilsa,Hilsa,Tenualosa ilisha,12.0044,66.5112,2025-02-14,29.13,35.9,1.3980000000000001,4.91,40.9,1,dataset-6416,OBIS+NOAA_ERDDAP (Offline Mirror)
hilsa,Hilsa,Tenualosa ilisha,20.0125,66.8033,2026-03-04,28.62,36.050000000000004,1.7570000000000001,4.71,8.0,1,dataset-9039,OBIS+NOAA_ERDDAP (Offline Mirror)
hilsa,Hilsa,Tenualosa ilisha,7.0462,91.7848,2025-10-08,28.63,33.44,0.888,4.76,10.2,1,dataset-8897,OBIS+NOAA_ERDDAP (Offline Mirror)
hilsa,Hilsa,Tenualosa ilisha,15.8714,76.7937,2024-01-02,28.86,35.980000000000004,1.3230000000000002,4.7,35.4,1,dataset-1091,OBIS+NOAA_ERDDAP (Offline Mirror)
hilsa,Hilsa,Tenualosa ilisha,18.0172,62.2554,2026-04-09,29.240000000000002,36.27,0.6930000000000001,4.55,20.9,1,dataset-2516,OBIS+NOAA_ERDDAP (Offline Mirror)
hilsa,Hilsa,Tenualosa ilisha,5.4564,81.5557,2025-04-19,28.220000000000002,33.39,0.827,5.12,12.4,1,dataset-5886,OBIS+NOAA_ERDDAP (Offline Mirror)
hilsa,Hilsa,Tenualosa ilisha,6.3117,60.5885,2025-02-25,28.4,35.410000000000004,0.48,4.74,39.1,1,dataset-4812,OBIS+NOAA_ERDDAP (Offline Mirror)
hilsa,Hilsa,Tenualosa ilisha,11.4711,62.0182,2026-02-14,29.44,35.61000000000001,0.6779999999999999,4.33,28.7,1,dataset-6292,OBIS+NOAA_ERDDAP (Offline Mirror)
hilsa,Hilsa,Tenualosa ilisha,18.692,66.5749,2024-02-19,28.84,36.2,1.568,4.73,14.5,1,dataset-1486,OBIS+NOAA_ERDDAP (Offline Mirror)
hilsa,Hilsa,Tenualosa ilisha,22.0764,87.8139,2024-10-06,29.36,32.23,0.9589999999999999,4.5600000000000005,44.6,1,dataset-6386,OBIS+NOAA_ERDDAP (Offline Mirror)
hilsa,Hilsa,Tenualosa ilisha,14.2955,74.4075,2025-07-26,29.169999999999998,35.83,1.26,4.779999999999999,16.0,1,dataset-5914,OBIS+NOAA_ERDDAP (Offline Mirror)
hilsa,Hilsa,Tenualosa ilisha,14.8984,67.8046,2024-09-14,29.05,36.05,1.317,4.93,21.1,1,dataset-1977,OBIS+NOAA_ERDDAP (Offline Mirror)
hilsa,Hilsa,Tenualosa ilisha,13.304,69.3926,2025-12-08,29.23,36.059999999999995,1.316,4.79,16.1,1,dataset-3600,OBIS+NOAA_ERDDAP (Offline Mirror)
hilsa,Hilsa,Tenualosa ilisha,21.439,74.5577,2025-07-09,28.71,36.17,1.885,4.6499999999999995,19.5,1,dataset-8973,OBIS+NOAA_ERDDAP (Offline Mirror)
hilsa,Hilsa,Tenualosa ilisha,11.7943,74.1003,2025-07-01,29.11,35.63,1.2839999999999998,4.73,10.7,1,dataset-1279,OBIS+NOAA_ERDDAP (Offline Mirror)
hilsa,Hilsa,Tenualosa ilisha,22.1598,67.7533,2024-07-11,29.5,36.300000000000004,0.847,4.83,47.6,1,dataset-4642,OBIS+NOAA_ERDDAP (Offline Mirror)
hilsa,Hilsa,Tenualosa ilisha,9.5615,71.0257,2025-06-29,28.720000000000002,35.52,0.504,4.59,38.3,1,dataset-1857,OBIS+NOAA_ERDDAP (Offline Mirror)
hilsa,Hilsa,Tenualosa ilisha,8.4952,73.5596,2026-01-13,29.11,35.66,0.48,4.75,39.2,1,dataset-4545,OBIS+NOAA_ERDDAP (Offline Mirror)
hilsa,Hilsa,Tenualosa ilisha,6.4551,64.4058,2025-01-12,28.46,35.49,0.516,4.97,46.0,1,dataset-3717,OBIS+NOAA_ERDDAP (Offline Mirror)
hilsa,Hilsa,Tenualosa ilisha,22.6593,84.1514,2023-12-20,29.18,32.099999999999994,0.97,4.71,31.1,1,dataset-8926,OBIS+NOAA_ERDDAP (Offline Mirror)
hilsa,Hilsa,Tenualosa ilisha,10.4243,84.9237,2025-08-16,28.9,33.22,0.601,4.739999999999999,11.5,1,dataset-6961,OBIS+NOAA_ERDDAP (Offline Mirror)
hilsa,Hilsa,Tenualosa ilisha,23.7319,70.1363,2026-04-06,29.580000000000002,36.59,0.98,4.76,21.9,1,dataset-6946,OBIS+NOAA_ERDDAP (Offline Mirror)
hilsa,Hilsa,Tenualosa ilisha,20.7796,69.6796,2024-02-01,28.819999999999997,36.160000000000004,1.73,5.07,30.8,1,dataset-6763,OBIS+NOAA_ERDDAP (Offline Mirror)
hilsa,Hilsa,Tenualosa ilisha,17.9331,71.1221,2026-01-06,28.92,36.300000000000004,1.527,4.779999999999999,29.7,1,dataset-8315,OBIS+NOAA_ERDDAP (Offline Mirror)
hilsa,Hilsa,Tenualosa ilisha,21.1541,78.177,2025-03-24,28.900000000000002,36.089999999999996,0.973,4.949999999999999,22.5,1,dataset-8364,OBIS+NOAA_ERDDAP (Offline Mirror)
hilsa,Hilsa,Tenualosa ilisha,17.5569,62.5775,2025-08-25,29.11,36.019999999999996,0.853,4.9,18.2,1,dataset-2197,OBIS+NOAA_ERDDAP (Offline Mirror)
hilsa,Hilsa,Tenualosa ilisha,11.3304,91.0546,2024-05-30,28.88,33.14,0.5569999999999999,4.66,14.1,1,dataset-8899,OBIS+NOAA_ERDDAP (Offline Mirror)
hilsa,Hilsa,Tenualosa ilisha,15.8224,71.6203,2025-02-25,29.22,35.800000000000004,1.4400000000000002,4.67,33.6,1,dataset-8114,OBIS+NOAA_ERDDAP (Offline Mirror)
hilsa,Hilsa,Tenualosa ilisha,10.9869,63.3542,2025-03-10,29.11,35.87,0.5429999999999999,4.7700000000000005,15.4,1,dataset-7900,OBIS+NOAA_ERDDAP (Offline Mirror)
hilsa,Hilsa,Tenualosa ilisha,5.9503,62.4202,2025-06-18,28.32,35.53,0.357,5.01,41.6,1,dataset-6090,OBIS+NOAA_ERDDAP (Offline Mirror)
hilsa,Hilsa,Tenualosa ilisha,10.7514,74.3738,2024-04-11,29.5,35.75,1.369,4.49,14.5,1,dataset-5603,OBIS+NOAA_ERDDAP (Offline Mirror)
hilsa,Hilsa,Tenualosa ilisha,22.3758,84.6964,2024-02-12,29.09,32.410000000000004,0.9689999999999999,4.66,46.1,1,dataset-5914,OBIS+NOAA_ERDDAP (Offline Mirror)
hilsa,Hilsa,Tenualosa ilisha,19.8307,81.3418,2025-10-15,29.25,32.23,0.885,4.380000000000001,11.2,1,dataset-3361,OBIS+NOAA_ERDDAP (Offline Mirror)
hilsa,Hilsa,Tenualosa ilisha,22.4677,90.8899,2024-03-25,28.85,32.14,0.9709999999999999,4.57,31.7,1,dataset-3512,OBIS+NOAA_ERDDAP (Offline Mirror)
hilsa,Hilsa,Tenualosa ilisha,16.3314,91.0948,2024-08-15,28.48,32.839999999999996,0.7110000000000001,4.74,23.8,1,dataset-4209,OBIS+NOAA_ERDDAP (Offline Mirror)
hilsa,Hilsa,Tenualosa ilisha,8.2238,67.7062,2025-03-21,28.96,35.67,0.492,4.92,46.0,1,dataset-2689,OBIS+NOAA_ERDDAP (Offline Mirror)
hilsa,Hilsa,Tenualosa ilisha,14.1051,87.0063,2024-07-09,29.470000000000002,32.82,0.6920000000000001,4.41,9.6,1,dataset-2437,OBIS+NOAA_ERDDAP (Offline Mirror)
hilsa,Hilsa,Tenualosa ilisha,6.8137,70.8974,2025-07-12,28.93,35.73,0.375,4.9399999999999995,17.6,1,dataset-4716,OBIS+NOAA_ERDDAP (Offline Mirror)
hilsa,Hilsa,Tenualosa ilisha,19.0086,68.6435,2025-03-13,28.639999999999997,36.24,1.591,5.16,16.2,1,dataset-6460,OBIS+NOAA_ERDDAP (Offline Mirror)
hilsa,Hilsa,Tenualosa ilisha,6.4722,70.9792,2025-04-18,28.41,35.440000000000005,0.534,4.890000000000001,18.3,1,dataset-2777,OBIS+NOAA_ERDDAP (Offline Mirror)
hilsa,Hilsa,Tenualosa ilisha,9.906,62.6103,2025-10-07,28.32,35.84,0.6120000000000001,4.859999999999999,43.7,1,dataset-8670,OBIS+NOAA_ERDDAP (Offline Mirror)
hilsa,Hilsa,Tenualosa ilisha,7.5125,89.0341,2025-06-06,28.91,33.379999999999995,0.751,4.67,16.2,1,dataset-7194,OBIS+NOAA_ERDDAP (Offline Mirror)
hilsa,Hilsa,Tenualosa ilisha,9.9471,92.0632,2026-01-11,28.99,33.370000000000005,0.627,4.7,10.5,1,dataset-5422,OBIS+NOAA_ERDDAP (Offline Mirror)
hilsa,Hilsa,Tenualosa ilisha,22.6808,62.1447,2023-12-24,29.02,36.519999999999996,0.9440000000000001,4.91,13.2,1,dataset-3288,OBIS+NOAA_ERDDAP (Offline Mirror)
hilsa,Hilsa,Tenualosa ilisha,8.7696,84.6564,2024-04-12,28.94,33.11,0.713,4.56,23.2,1,dataset-8048,OBIS+NOAA_ERDDAP (Offline Mirror)
hilsa,Hilsa,Tenualosa ilisha,21.5435,88.9718,2025-11-15,28.82,32.2,0.885,4.74,12.1,1,dataset-5335,OBIS+NOAA_ERDDAP (Offline Mirror)
hilsa,Hilsa,Tenualosa ilisha,17.02,77.9331,2026-03-16,28.45,35.94,1.49,4.859999999999999,16.6,1,dataset-9211,OBIS+NOAA_ERDDAP (Offline Mirror)
hilsa,Hilsa,Tenualosa ilisha,23.3549,82.8858,2024-01-06,28.990000000000002,31.930000000000003,1.048,5.03,31.0,1,dataset-8998,OBIS+NOAA_ERDDAP (Offline Mirror)
hilsa,Hilsa,Tenualosa ilisha,10.687,63.1774,2026-06-28,29.43,35.58,0.5279999999999999,4.859999999999999,19.7,1,dataset-4021,OBIS+NOAA_ERDDAP (Offline Mirror)
hilsa,Hilsa,Tenualosa ilisha,20.189,78.111,2023-12-06,28.720000000000002,36.29,0.814,5.06,14.6,1,dataset-9688,OBIS+NOAA_ERDDAP (Offline Mirror)
hilsa,Hilsa,Tenualosa ilisha,9.1241,94.6254,2024-10-13,28.53,33.45,0.6649999999999999,5.12,23.2,1,dataset-3464,OBIS+NOAA_ERDDAP (Offline Mirror)
hilsa,Hilsa,Tenualosa ilisha,10.0699,85.7305,2024-09-06,28.75,33.37,0.667,5.08,26.0,1,dataset-3329,OBIS+NOAA_ERDDAP (Offline Mirror)
hilsa,Hilsa,Tenualosa ilisha,12.4706,93.4814,2024-11-20,29.189999999999998,32.92,0.645,4.63,46.9,1,dataset-8325,OBIS+NOAA_ERDDAP (Offline Mirror)
hilsa,Hilsa,Tenualosa ilisha,21.8806,87.2131,2026-03-15,29.349999999999998,32.25,0.922,4.58,46.1,1,dataset-4066,OBIS+NOAA_ERDDAP (Offline Mirror)
hilsa,Hilsa,Tenualosa ilisha,10.9338,81.3534,2025-10-05,29.25,33.080000000000005,0.6950000000000001,4.630000000000001,11.3,1,dataset-7575,OBIS+NOAA_ERDDAP (Offline Mirror)
hilsa,Hilsa,Tenualosa ilisha,17.4292,72.7299,2024-05-13,28.740000000000002,35.97,1.463,4.7,49.1,1,dataset-3954,OBIS+NOAA_ERDDAP (Offline Mirror)
hilsa,Hilsa,Tenualosa ilisha,21.6329,66.5743,2026-07-05,28.740000000000002,36.27,1.787,4.91,40.1,1,dataset-9912,OBIS+NOAA_ERDDAP (Offline Mirror)
hilsa,Hilsa,Tenualosa ilisha,14.2559,72.7827,2024-07-29,29.75,35.87,1.257,4.23,29.5,1,dataset-4512,OBIS+NOAA_ERDDAP (Offline Mirror)
hilsa,Hilsa,Tenualosa ilisha,16.0142,83.2026,2024-11-06,29.18,32.9,0.791,4.72,20.3,1,dataset-3047,OBIS+NOAA_ERDDAP (Offline Mirror)
hilsa,Hilsa,Tenualosa ilisha,22.8589,73.9162,2026-01-10,29.06,36.370000000000005,0.9890000000000001,4.9399999999999995,34.8,1,dataset-7222,OBIS+NOAA_ERDDAP (Offline Mirror)
hilsa,Hilsa,Tenualosa ilisha,7.815,84.1333,2024-04-15,28.84,33.349999999999994,0.846,5.04,22.6,1,dataset-3641,OBIS+NOAA_ERDDAP (Offline Mirror)
hilsa,Hilsa,Tenualosa ilisha,8.3803,94.1107,2024-10-28,29.02,33.25,0.745,4.460000000000001,48.9,1,dataset-7313,OBIS+NOAA_ERDDAP (Offline Mirror)
hilsa,Hilsa,Tenualosa ilisha,24.7424,62.2043,2024-10-02,29.150000000000002,36.589999999999996,0.969,4.75,38.1,1,dataset-2540,OBIS+NOAA_ERDDAP (Offline Mirror)
hilsa,Hilsa,Tenualosa ilisha,7.5713,77.7553,2025-08-04,28.09,35.48,0.45099999999999996,5.32,40.7,1,dataset-4097,OBIS+NOAA_ERDDAP (Offline Mirror)
hilsa,Hilsa,Tenualosa ilisha,11.8354,85.8143,2026-05-19,28.860000000000003,33.129999999999995,0.5549999999999999,4.59,46.8,1,dataset-2143,OBIS+NOAA_ERDDAP (Offline Mirror)
hilsa,Hilsa,Tenualosa ilisha,6.0364,88.4818,2024-01-03,28.18,33.49,0.748,4.9799999999999995,12.5,1,dataset-7037,OBIS+NOAA_ERDDAP (Offline Mirror)
hilsa,Hilsa,Tenualosa ilisha,13.8631,60.8601,2026-04-03,29.17,35.93,0.643,4.77,16.7,1,dataset-4028,OBIS+NOAA_ERDDAP (Offline Mirror)
hilsa,Hilsa,Tenualosa ilisha,14.2778,93.3468,2024-02-15,29.709999999999997,33.01,0.7779999999999999,4.28,15.7,1,dataset-2144,OBIS+NOAA_ERDDAP (Offline Mirror)
hilsa,Hilsa,Tenualosa ilisha,8.5037,81.6492,2025-02-13,28.9,33.5,0.789,4.89,49.6,1,dataset-5400,OBIS+NOAA_ERDDAP (Offline Mirror)
hilsa,Hilsa,Tenualosa ilisha,9.6535,93.3785,2024-06-08,28.38,33.059999999999995,0.6259999999999999,4.75,28.6,1,dataset-4930,OBIS+NOAA_ERDDAP (Offline Mirror)
hilsa,Hilsa,Tenualosa ilisha,15.2731,81.5813,2023-12-10,28.71,32.85,0.6759999999999999,5.06,38.9,1,dataset-2252,OBIS+NOAA_ERDDAP (Offline Mirror)
hilsa,Hilsa,Tenualosa ilisha,17.4361,74.5057,2025-12-27,29.21,36.0,1.476,4.55,21.1,1,dataset-1207,OBIS+NOAA_ERDDAP (Offline Mirror)
hilsa,Hilsa,Tenualosa ilisha,18.1941,84.1887,2026-02-20,29.28,32.65,0.817,4.569999999999999,17.4,1,dataset-6860,OBIS+NOAA_ERDDAP (Offline Mirror)
hilsa,Hilsa,Tenualosa ilisha,24.6196,63.5653,2023-12-09,29.31,36.55,0.9359999999999999,4.43,5.7,1,dataset-9791,OBIS+NOAA_ERDDAP (Offline Mirror)
hilsa,Hilsa,Tenualosa ilisha,7.6027,64.6205,2024-06-05,28.06,35.699999999999996,0.46299999999999997,5.31,47.9,1,dataset-4143,OBIS+NOAA_ERDDAP (Offline Mirror)
hilsa,Hilsa,Tenualosa ilisha,22.5713,71.9137,2026-07-04,28.88,36.42,0.8470000000000001,4.7700000000000005,12.6,1,dataset-2952,OBIS+NOAA_ERDDAP (Offline Mirror)
hilsa,Hilsa,Tenualosa ilisha,7.5931,69.1774,2024-07-12,28.75,35.6,0.407,4.86,16.7,1,dataset-5923,OBIS+NOAA_ERDDAP (Offline Mirror)
hilsa,Hilsa,Tenualosa ilisha,12.8904,61.746,2025-04-24,29.56,35.85,0.729,4.34,17.4,1,dataset-5468,OBIS+NOAA_ERDDAP (Offline Mirror)
hilsa,Hilsa,Tenualosa ilisha,13.2702,87.5742,2026-05-31,29.66,33.01,0.648,4.8,13.9,1,dataset-8710,OBIS+NOAA_ERDDAP (Offline Mirror)
hilsa,Hilsa,Tenualosa ilisha,12.2603,66.453,2025-10-18,29.509999999999998,35.870000000000005,1.324,4.73,16.4,1,dataset-8304,OBIS+NOAA_ERDDAP (Offline Mirror)
hilsa,Hilsa,Tenualosa ilisha,13.0187,66.9987,2024-05-01,28.86,35.940000000000005,1.353,4.87,41.0,1,dataset-2232,OBIS+NOAA_ERDDAP (Offline Mirror)
hilsa,Hilsa,Tenualosa ilisha,15.2217,65.1246,2026-01-20,28.21,36.14,1.339,5.09,34.1,1,dataset-7989,OBIS+NOAA_ERDDAP (Offline Mirror)
hilsa,Hilsa,Tenualosa ilisha,5.8556,69.579,2025-05-21,27.990000000000002,35.580000000000005,0.39799999999999996,4.98,34.2,1,dataset-7116,OBIS+NOAA_ERDDAP (Offline Mirror)
hilsa,Hilsa,Tenualosa ilisha,23.9702,67.8607,2023-12-20,29.58,36.47,0.954,4.69,15.2,1,dataset-6742,OBIS+NOAA_ERDDAP (Offline Mirror)
hilsa,Hilsa,Tenualosa ilisha,7.3736,69.2867,2024-04-09,28.83,35.75,0.381,5.06,11.5,1,dataset-7861,OBIS+NOAA_ERDDAP (Offline Mirror)
hilsa,Hilsa,Tenualosa ilisha,12.943,83.9147,2026-07-22,29.6,32.97,0.6990000000000001,4.79,23.2,1,dataset-1538,OBIS+NOAA_ERDDAP (Offline Mirror)
hilsa,Hilsa,Tenualosa ilisha,7.1549,76.0251,2025-04-23,28.8,35.56,0.51,4.659999999999999,5.2,1,dataset-4272,OBIS+NOAA_ERDDAP (Offline Mirror)
hilsa,Hilsa,Tenualosa ilisha,10.6733,82.6061,2024-02-12,28.61,33.07,0.589,5.0,26.7,1,dataset-9499,OBIS+NOAA_ERDDAP (Offline Mirror)
hilsa,Hilsa,Tenualosa ilisha,19.1936,68.0973,2025-03-15,29.04,36.129999999999995,1.631,4.590000000000001,15.7,1,dataset-2998,OBIS+NOAA_ERDDAP (Offline Mirror)
hilsa,Hilsa,Tenualosa ilisha,7.4329,79.227,2026-07-11,28.59,35.65,0.532,4.78,24.7,1,dataset-1399,OBIS+NOAA_ERDDAP (Offline Mirror)
hilsa,Hilsa,Tenualosa ilisha,9.5557,69.0209,2025-01-01,28.900000000000002,35.53,0.459,4.9799999999999995,6.7,1,dataset-4445,OBIS+NOAA_ERDDAP (Offline Mirror)
hilsa,Hilsa,Tenualosa ilisha,9.9557,89.6173,2025-04-25,29.04,33.370000000000005,0.656,4.66,18.8,1,dataset-2048,OBIS+NOAA_ERDDAP (Offline Mirror)
hilsa,Hilsa,Tenualosa ilisha,7.7516,74.7673,2025-04-23,28.43,35.52,0.534,4.87,27.8,1,dataset-4673,OBIS+NOAA_ERDDAP (Offline Mirror)
hilsa,Hilsa,Tenualosa ilisha,23.8746,89.5777,2026-05-13,28.76,31.970000000000002,1.158,4.83,36.2,1,dataset-7598,OBIS+NOAA_ERDDAP (Offline Mirror)
hilsa,Hilsa,Tenualosa ilisha,5.0104,73.5511,2026-07-15,28.02,35.45,0.397,5.16,31.3,1,dataset-2453,OBIS+NOAA_ERDDAP (Offline Mirror)
hilsa,Hilsa,Tenualosa ilisha,6.9921,91.7247,2026-04-22,28.39,33.419999999999995,0.744,4.73,11.5,1,dataset-2760,OBIS+NOAA_ERDDAP (Offline Mirror)
